,Plant,VSLNumber,SampleID,Day_Initial_Actual,Spoiled20000_yn,AnyGN_yn,exceed20000byD10_yn,exceed100000postD10_yn,HigherSPC_yn,GN_AtLeast2x,CVTAexceed20000_yn,CVTAexceed1mill_yn,spoilagetype,spoilagetype_actual,,SPC_DI,SPC_D7,SPC_D10,SPC_D14,SPC_D17,SPC_D21,CVTA_DI,CVTA_D7,CVTA_D10,CVTA_D14,CVTA_D17,CVTA_D21,LOD_SPC_DI,LOD_SPC_D7,LOD_SPC_D10,LOD_SPC_D14,LOD_SPC_D17,LOD_SPC_D21,LOD_CVTA_DI,LOD_CVTA_D7,LOD_CVTA_D10,LOD_CVTA_D14,LOD_CVTA_D17,LOD_CVTA_D21,Plant_VSLNumber_SampleID
1,23-03,463,11,2,yes,no,no,yes,no,no,no,no,sporeSpoil,sporeSpoil,1,62,80,2000,22000,2200000,4.30E+08,5,5,5,20,280,700,OK,OK,OK,OK,OK,OK,belowLOD,belowLOD,belowLOD,OK,OK,OK,23-03_463_11
2,23-03,463,12,2,yes,yes,no,yes,no,no,no,no,sporeSpoil,sporeSpoil,1,2.5,70,250,2200,21000,130000,5,5,5,82,5,5300,belowLOD,OK,belowLOD,OK,OK,OK,belowLOD,belowLOD,belowLOD,OK,belowLOD,OK,23-03_463_12
4,23-03,463,13,2,yes,yes,yes,no,yes,yes,yes,yes,ppcSpoil,ppcSpoil,1,72,1000,2500000,25000,35000,3.30E+07,5,1600,2500000,3.30E+07,1.30E+08,4.40E+07,OK,OK,OK,belowLOD,OK,OK,belowLOD,OK,OK,OK,OK,OK,23-03_463_13
5,23-03,463,14,2,yes,yes,no,yes,no,yes,yes,yes,ppcSpoil,ppcSpoil,1,20,50,1000,5300000,2.80E+08,2700000,5,5,5,220000,2.60E+07,2500,OK,OK,OK,OK,OK,OK,belowLOD,belowLOD,belowLOD,OK,OK,belowLOD,23-03_463_14
3,23-03,463,1-Dec,2,yes,no,no,no,no,no,no,no,sporeSpoil,sporeSpoil,1,51,40,250,31,22000,5400,5,5,5,5,5,40,OK,OK,belowLOD,OK,OK,OK,belowLOD,belowLOD,belowLOD,belowLOD,belowLOD,OK,23-03_463_12-1
42,36-1007,463,21,3,yes,yes,yes,no,yes,yes,yes,yes,ppcSpoil,ppcSpoil,1,4600,5000,29000,2.60E+07,2.10E+08,2500000,5,41,31000,1.30E+07,1.10E+08,5.00E+06,OK,OK,OK,OK,OK,belowLOD,belowLOD,OK,OK,OK,OK,belowLOD,36-1007_463_21
43,36-1007,463,22,3,yes,yes,yes,no,yes,yes,yes,yes,ppcSpoil,ppcSpoil,1,400,380,77000,3.00E+07,1.30E+08,4.50E+08,5,270,86000,1.20E+07,8.60E+07,3.90E+08,OK,OK,OK,OK,OK,OK,belowLOD,OK,OK,OK,OK,OK,36-1007_463_22
45,36-1007,463,23,3,yes,yes,yes,no,yes,yes,yes,yes,ppcSpoil,ppcSpoil,1,10,220,66000,3.80E+07,8.30E+07,2.20E+08,5,290,54000,1.30E+07,9.30E+07,1.80E+08,OK,OK,OK,OK,OK,OK,belowLOD,OK,OK,OK,OK,OK,36-1007_463_23
47,36-1007,463,25,3,yes,yes,yes,no,yes,yes,yes,yes,ppcSpoil,ppcSpoil,1,13000,40000,50000,6.80E+07,6.40E+07,2.80E+08,5,220,120000,1.00E+08,5.00E+06,1.50E+07,OK,OK,OK,OK,OK,OK,belowLOD,OK,OK,OK,belowLOD,OK,36-1007_463_25
44,36-1007,463,22-1,3,yes,yes,yes,no,yes,yes,yes,yes,ppcSpoil,ppcSpoil,1,61,3300,4700000,2.80E+07,9.90E+07,5.70E+07,5,3300,5800000,2.50E+07,6.00E+07,6.50E+07,OK,OK,OK,OK,OK,OK,belowLOD,OK,OK,OK,OK,OK,36-1007_463_22-1
46,36-1007,463,23-1,3,yes,yes,yes,no,yes,yes,yes,yes,ppcSpoil,ppcSpoil,1,20,41000,1.30E+07,3.50E+07,7.60E+07,6.80E+07,5,39000,1.20E+07,4.40E+07,4.00E+07,5.90E+07,OK,OK,OK,OK,OK,OK,belowLOD,OK,OK,OK,OK,OK,36-1007_463_23-1
48,36-1007,463,25-1,3,yes,yes,yes,no,yes,yes,yes,yes,ppcSpoil,ppcSpoil,1,22000,31000,1300000,4500000,2.50E+08,2.00E+08,5,2000,1600000,2.00E+05,5.00E+06,1.70E+08,OK,OK,OK,OK,OK,OK,belowLOD,OK,OK,OK,belowLOD,OK,36-1007_463_25-1
64,36-1103,463,51,3,yes,yes,yes,no,yes,yes,yes,yes,ppcSpoil,ppcSpoil,1,450,3900,550000,5100000,2.80E+07,2.90E+07,5,3000,490000,7.00E+05,5.00E+06,1.70E+07,OK,OK,OK,OK,OK,OK,belowLOD,OK,OK,OK,belowLOD,OK,36-1103_463_51
65,36-1103,463,55,3,yes,yes,yes,no,no,yes,yes,yes,ppcSpoil,ppcSpoil,1,640,660,32000,2600000,1.60E+07,4.10E+08,5,20,16000,20000,9200000,50000,OK,OK,OK,OK,OK,OK,belowLOD,OK,OK,OK,OK,belowLOD,36-1103_463_55
85,36-1255,463,31,3,yes,yes,yes,no,yes,yes,yes,yes,ppcSpoil,ppcSpoil,1,120,22000,2.00E+07,1.90E+07,NotTested,NotTested,5,75000,9.00E+06,1.80E+07,NotTested,NotTested,OK,OK,OK,OK,OK,OK,belowLOD,OK,OK,OK,OK,OK,36-1255_463_31
86,36-1255,463,33,3,yes,yes,yes,no,yes,yes,yes,yes,ppcSpoil,ppcSpoil,1,270,4100,1.90E+07,4.30E+07,NotTested,NotTested,5,22000,3100000,1.80E+07,NotTested,NotTested,OK,OK,OK,OK,OK,OK,belowLOD,OK,OK,OK,OK,OK,36-1255_463_33
88,36-1255,463,34,3,yes,yes,yes,no,yes,yes,yes,yes,ppcSpoil,ppcSpoil,1,170,250000,2.30E+07,2.50E+08,NotTested,NotTested,20,210000,1.70E+07,8.20E+07,NotTested,NotTested,OK,OK,OK,OK,OK,OK,OK,OK,OK,OK,OK,OK,36-1255_463_34
91,36-1255,463,35,3,yes,yes,yes,no,yes,yes,yes,yes,ppcSpoil,ppcSpoil,1,14000,5.00E+07,7.80E+07,2.40E+08,NotTested,NotTested,14000,50000,1.80E+07,7.80E+08,NotTested,NotTested,OK,OK,OK,OK,OK,OK,OK,OK,OK,OK,OK,OK,36-1255_463_35
87,36-1255,463,33-1,3,yes,yes,yes,no,yes,yes,yes,yes,ppcSpoil,ppcSpoil,1,290,4100,1.40E+07,4.70E+07,NotTested,NotTested,5,14000,9300000,2.00E+08,NotTested,NotTested,OK,OK,OK,OK,OK,OK,belowLOD,OK,OK,OK,OK,OK,36-1255_463_33-1
89,36-1255,463,34-1,3,yes,yes,yes,no,yes,yes,yes,yes,ppcSpoil,ppcSpoil,1,61,130000,2.10E+07,4.90E+08,NotTested,NotTested,5,30000,120000,3.80E+08,NotTested,NotTested,OK,OK,OK,OK,OK,OK,belowLOD,OK,OK,OK,OK,OK,36-1255_463_34-1
90,36-1255,463,34-2,3,yes,yes,yes,no,yes,yes,yes,yes,ppcSpoil,ppcSpoil,1,6600,91000,2.30E+07,5.20E+08,NotTested,NotTested,5,32000,1.60E+07,2.20E+08,NotTested,NotTested,OK,OK,OK,OK,OK,OK,belowLOD,OK,OK,OK,OK,OK,36-1255_463_34-2
113,36-1348,463,41,3,yes,yes,yes,no,yes,yes,yes,yes,ppcSpoil,ppcSpoil,1,2.5,590,1.00E+05,5400000,8800000,2.10E+07,5,800,170000,3400000,5.00E+06,1.40E+07,belowLOD,OK,OK,OK,OK,OK,belowLOD,OK,OK,OK,belowLOD,OK,36-1348_463_41
114,36-1348,463,42,3,yes,yes,yes,no,yes,yes,yes,yes,ppcSpoil,ppcSpoil,1,41,3300,230000,1.30E+07,1.10E+07,5.40E+07,5,2600,1700,5400000,6600000,5.70E+07,OK,OK,OK,OK,OK,OK,belowLOD,OK,OK,OK,OK,OK,36-1348_463_42
115,36-1348,463,43,3,yes,no,no,no,no,no,no,no,sporeSpoil,noSpoil,0,51,82,41,70,25000,51,5,5,5,500,5,20,OK,OK,OK,OK,belowLOD,OK,belowLOD,belowLOD,belowLOD,belowLOD,belowLOD,OK,36-1348_463_43
116,36-1348,463,45,3,yes,no,no,yes,no,no,no,no,sporeSpoil,sporeSpoil,1,50,20,160,40,9400,4500000,5,5,5,5,80,61,OK,OK,OK,OK,OK,OK,belowLOD,belowLOD,belowLOD,belowLOD,OK,OK,36-1348_463_45
76,36-1131,464,51,3,noSpoil,no,no,no,no,no,no,no,noSpoil,noSpoil,1,90,220,190,8000,250,250,5,5,5,5,500,500,OK,OK,OK,OK,belowLOD,belowLOD,belowLOD,belowLOD,belowLOD,belowLOD,belowLOD,belowLOD,36-1131_464_51
77,36-1131,464,51-1,17,noSpoil,yes,no,no,yes,yes,yes,no,ppcSpoil,noSpoil,0,390,NotTested,NotTested,NotTested,NotTested,200,3800,NotTested,NotTested,NotTested,NotTested,36000,OK,OK,OK,OK,OK,OK,OK,OK,OK,OK,OK,OK,36-1131_464_51-1
174,36-2151,464,21,3,yes,yes,yes,no,yes,yes,yes,yes,ppcSpoil,ppcSpoil,1,1300,1600,4.00E+07,160000,1.70E+08,7.80E+08,5,1800,4.00E+05,3400000,8.40E+08,7.80E+08,OK,OK,aboveLOD,OK,OK,OK,belowLOD,OK,aboveLOD,OK,OK,OK,36-2151_464_21
177,36-2151,464,22,3,yes,yes,yes,no,yes,yes,yes,yes,ppcSpoil,ppcSpoil,1,1400,2600,4.00E+07,7900000,1.70E+08,3.30E+08,5,2200,4.00E+05,8.00E+07,1.50E+08,2.40E+08,OK,OK,aboveLOD,OK,OK,OK,belowLOD,OK,aboveLOD,OK,OK,OK,36-2151_464_22
179,36-2151,464,24,3,yes,yes,yes,no,yes,yes,yes,yes,ppcSpoil,ppcSpoil,1,640,39000,4.00E+07,6200000,4.60E+08,3.60E+08,5,39000,4.00E+07,5.60E+07,5.60E+07,3.40E+08,OK,OK,aboveLOD,OK,OK,OK,belowLOD,OK,aboveLOD,OK,OK,OK,36-2151_464_24
181,36-2151,464,25,3,yes,yes,yes,no,yes,yes,yes,yes,ppcSpoil,ppcSpoil,1,210,3400,4.00E+07,1.20E+08,4.90E+08,2.60E+08,5,3400,4.00E+05,1.10E+08,7.00E+08,1.40E+08,OK,OK,aboveLOD,OK,OK,OK,belowLOD,OK,aboveLOD,OK,OK,OK,36-2151_464_25
175,36-2151,464,21-1,3,noSpoil,yes,no,no,yes,no,no,no,noSpoil,sporeSpoil,0,1000,1400,1300,870,1300,16000,5,5,5,5,5,8000,OK,OK,OK,OK,OK,OK,belowLOD,belowLOD,belowLOD,belowLOD,belowLOD,OK,36-2151_464_21-1
176,36-2151,464,21-2,3,yes,yes,yes,no,yes,yes,yes,yes,ppcSpoil,ppcSpoil,1,540,1200,4.00E+07,2.20E+07,1.60E+08,7.30E+08,5,720,4.00E+05,2.30E+07,6.00E+07,4.40E+08,OK,OK,aboveLOD,OK,OK,OK,belowLOD,OK,aboveLOD,OK,OK,OK,36-2151_464_21-2
178,36-2151,464,22-1,3,yes,yes,yes,no,yes,yes,yes,yes,ppcSpoil,ppcSpoil,1,1500,1800,4.00E+07,4.90E+07,3.80E+08,5.30E+08,5,820,4.00E+05,3.20E+07,1.20E+08,2.40E+09,OK,OK,aboveLOD,OK,OK,OK,belowLOD,OK,aboveLOD,OK,OK,OK,36-2151_464_22-1
180,36-2151,464,24-1,3,yes,yes,yes,no,yes,yes,yes,yes,ppcSpoil,ppcSpoil,1,580,110000,4.00E+07,5.90E+07,3.50E+08,1.60E+09,5,130000,4.00E+05,5.90E+07,3.60E+08,1.20E+09,OK,OK,aboveLOD,OK,OK,OK,belowLOD,OK,aboveLOD,OK,OK,OK,36-2151_464_24-1
212,36-3661,464,31,3,noSpoil,no,no,no,no,no,no,no,noSpoil,noSpoil,1,1600,1300,1800,6100,NotTested,NotTested,5,5,5,220,NotTested,NotTested,OK,OK,OK,OK,OK,OK,belowLOD,belowLOD,belowLOD,OK,OK,OK,36-3661_464_31
213,36-3661,464,32,3,yes,yes,no,yes,yes,no,yes,yes,ppcSpoil,ppcSpoil,1,1800,920,1600,5400000,NotTested,NotTested,5,5,5,6400000,NotTested,NotTested,OK,OK,OK,OK,OK,OK,belowLOD,belowLOD,belowLOD,OK,OK,OK,36-3661_464_32
220,36-3661,464,33,3,noSpoil,yes,no,no,yes,no,no,no,noSpoil,noSpoil,1,1500,2300,17000,9000,NotTested,NotTested,5,5,5,2000,NotTested,NotTested,OK,OK,OK,OK,OK,OK,belowLOD,belowLOD,belowLOD,OK,OK,OK,36-3661_464_33
225,36-3661,464,34,3,yes,yes,no,yes,yes,no,yes,no,sporeSpoil,ppcSpoil,0,1400,1200,2000,140000,NotTested,NotTested,5,20,5,140000,NotTested,NotTested,OK,OK,OK,OK,OK,OK,belowLOD,OK,belowLOD,OK,OK,OK,36-3661_464_34
227,36-3661,464,35,3,yes,yes,yes,no,yes,yes,yes,yes,ppcSpoil,ppcSpoil,1,1500,2200,7.00E+05,2.30E+07,NotTested,NotTested,5,1100,4.00E+05,2.60E+07,NotTested,NotTested,OK,OK,OK,OK,OK,OK,belowLOD,OK,aboveLOD,OK,OK,OK,36-3661_464_35
214,36-3661,464,32-1,3,yes,yes,yes,no,yes,yes,yes,yes,ppcSpoil,ppcSpoil,1,1400,22000,4.00E+07,7.40E+07,NotTested,NotTested,5,28000,4.00E+05,6.80E+07,NotTested,NotTested,OK,OK,aboveLOD,OK,OK,OK,belowLOD,OK,aboveLOD,OK,OK,OK,36-3661_464_32-1
215,36-3661,464,32-2,3,yes,yes,no,no,yes,yes,yes,no,ppcSpoil,ppcSpoil,1,1600,1500,1800,45000,NotTested,NotTested,5,20,8800,35000,NotTested,NotTested,OK,OK,OK,OK,OK,OK,belowLOD,OK,OK,OK,OK,OK,36-3661_464_32-2
216,36-3661,464,32-3,3,noSpoil,no,no,no,no,no,no,no,noSpoil,noSpoil,1,1600,1200,1500,9200,NotTested,NotTested,5,5,5,5,NotTested,NotTested,OK,OK,OK,OK,OK,OK,belowLOD,belowLOD,belowLOD,belowLOD,OK,OK,36-3661_464_32-3
217,36-3661,464,32-4,3,noSpoil,no,no,no,no,no,no,no,noSpoil,noSpoil,1,1400,5100,1700,2200,NotTested,NotTested,5,5,5,20,NotTested,NotTested,OK,OK,OK,OK,OK,OK,belowLOD,belowLOD,belowLOD,OK,OK,OK,36-3661_464_32-4
218,36-3661,464,32-5,3,yes,yes,yes,no,yes,yes,yes,yes,ppcSpoil,ppcSpoil,1,1700,1500,4.00E+07,5.10E+07,NotTested,NotTested,5,420,4.00E+05,4.20E+07,NotTested,NotTested,OK,OK,aboveLOD,OK,OK,OK,belowLOD,OK,aboveLOD,OK,OK,OK,36-3661_464_32-5
219,36-3661,464,32-6,3,noSpoil,yes,no,no,yes,no,no,no,noSpoil,noSpoil,1,1500,1500,1600,12000,NotTested,NotTested,5,5,40,4300,NotTested,NotTested,OK,OK,OK,OK,OK,OK,belowLOD,belowLOD,OK,OK,OK,OK,36-3661_464_32-6
221,36-3661,464,33-1,3,noSpoil,no,no,no,no,no,no,no,noSpoil,noSpoil,1,540,2100,2100,1500,NotTested,NotTested,5,5,5,5,NotTested,NotTested,OK,OK,OK,OK,OK,OK,belowLOD,belowLOD,belowLOD,belowLOD,OK,OK,36-3661_464_33-1
222,36-3661,464,33-2,3,yes,no,no,yes,no,no,no,no,sporeSpoil,sporeSpoil,1,2500,2700,3800,530000,NotTested,NotTested,5,5,400,5,NotTested,NotTested,OK,OK,OK,OK,OK,OK,belowLOD,belowLOD,OK,belowLOD,OK,OK,36-3661_464_33-2
223,36-3661,464,33-3,3,yes,yes,yes,no,yes,yes,yes,yes,ppcSpoil,ppcSpoil,1,2300,11000,3400000,6.00E+06,NotTested,NotTested,5,59000,4.00E+05,3.40E+07,NotTested,NotTested,OK,OK,OK,OK,OK,OK,belowLOD,OK,aboveLOD,OK,OK,OK,36-3661_464_33-3
224,36-3661,464,33-4,3,yes,no,yes,no,no,no,no,no,sporeSpoil,sporeSpoil,1,1600,2300,380000,1.20E+07,NotTested,NotTested,5,5,600,500,NotTested,NotTested,OK,OK,OK,OK,OK,OK,belowLOD,belowLOD,OK,belowLOD,OK,OK,36-3661_464_33-4
226,36-3661,464,34-1,3,yes,yes,yes,no,yes,yes,yes,yes,ppcSpoil,ppcSpoil,1,1800,2400,130000,2.40E+07,NotTested,NotTested,5,5,4.00E+05,2.70E+07,NotTested,NotTested,OK,OK,OK,OK,OK,OK,belowLOD,belowLOD,aboveLOD,OK,OK,OK,36-3661_464_34-1
283,36-8446,464,61,6,yes,yes,yes,no,yes,yes,yes,yes,ppcSpoil,ppcSpoil,1,40,7400,710000,3.60E+07,1.80E+08,3.20E+08,5,5,4.00E+05,4.00E+07,1.90E+08,4.40E+08,OK,OK,OK,OK,OK,OK,belowLOD,belowLOD,aboveLOD,aboveLOD,OK,OK,36-8446_464_61
284,36-8446,464,61-1,5,yes,yes,no,yes,yes,yes,yes,no,ppcSpoil,ppcSpoil,1,10,140,4600,61000,940000,2100000,5,5,4.00E+05,500,500,2000,OK,OK,OK,OK,OK,OK,belowLOD,belowLOD,aboveLOD,belowLOD,belowLOD,OK,36-8446_464_61-1
312,50-13,464,11,5,noSpoil,no,no,no,no,no,no,no,noSpoil,noSpoil,1,110,NotTested,50,140,120,570,5,NotTested,5,5,5,5,OK,OK,OK,OK,OK,OK,belowLOD,OK,belowLOD,belowLOD,belowLOD,belowLOD,50-13_464_11
313,50-13,464,12,5,yes,no,no,yes,no,no,no,no,sporeSpoil,sporeSpoil,1,50,NotTested,60,30,1200,540000,5,NotTested,5,20,5,5,OK,OK,OK,OK,OK,OK,belowLOD,OK,belowLOD,OK,belowLOD,belowLOD,50-13_464_12
315,50-13,464,13,5,yes,yes,no,yes,yes,yes,yes,yes,ppcSpoil,ppcSpoil,1,50,NotTested,180,250000,7.70E+07,1.60E+08,5,NotTested,140,4.00E+05,7.20E+07,1.60E+08,OK,OK,OK,OK,OK,OK,belowLOD,OK,OK,aboveLOD,OK,OK,50-13_464_13
317,50-13,464,14,5,noSpoil,yes,no,no,yes,no,no,no,noSpoil,noSpoil,1,20,NotTested,20,100,8000,4000,5,NotTested,5,5,2000,500,OK,OK,OK,OK,OK,OK,belowLOD,OK,belowLOD,belowLOD,OK,belowLOD,50-13_464_14
314,50-13,464,1-Dec,5,yes,no,no,yes,no,no,no,no,sporeSpoil,sporeSpoil,1,20,NotTested,80,130,3400,140000,5,NotTested,5,5,60,5,OK,OK,OK,OK,OK,OK,belowLOD,OK,belowLOD,belowLOD,OK,belowLOD,50-13_464_12-1
316,50-13,464,13-1,5,noSpoil,no,no,no,no,no,no,no,noSpoil,noSpoil,1,130,NotTested,20,110,120,710,5,NotTested,5,5,5,5,OK,OK,OK,OK,OK,OK,belowLOD,OK,belowLOD,belowLOD,belowLOD,belowLOD,50-13_464_13-1
25,33-08,466,11,3,yes,yes,no,yes,no,no,no,no,sporeSpoil,sporeSpoil,1,210,130,80,590,190000,280000,5,5,2000,5,840,5,OK,OK,OK,OK,OK,OK,belowLOD,belowLOD,OK,belowLOD,OK,belowLOD,33-08_466_11
26,33-08,466,12,3,yes,yes,yes,no,yes,yes,yes,yes,ppcSpoil,ppcSpoil,1,440,5400,2.10E+07,1.80E+08,50000,1.00E+05,5,3100,4.00E+07,1.00E+08,50000,5,OK,OK,OK,OK,belowLOD,OK,belowLOD,OK,aboveLOD,OK,belowLOD,belowLOD,33-08_466_12
29,33-08,466,13,3,noSpoil,yes,no,no,yes,no,no,no,noSpoil,noSpoil,1,100,100,90,20,7800,3100,5,5,5,5,5,2600,OK,OK,OK,OK,OK,OK,belowLOD,belowLOD,belowLOD,belowLOD,belowLOD,OK,33-08_466_13
31,33-08,466,14,3,yes,yes,no,yes,yes,yes,yes,yes,ppcSpoil,ppcSpoil,1,900,200,19000,8000,1000,1300000,5,20,19000,30000,500,4.00E+07,OK,OK,OK,OK,OK,OK,belowLOD,OK,OK,OK,belowLOD,aboveLOD,33-08_466_14
32,33-08,466,15,3,yes,no,no,yes,no,no,no,no,sporeSpoil,sporeSpoil,1,100,20,18000,2100000,3.60E+07,2.70E+08,5,5,5,5,500,500,OK,OK,OK,OK,OK,OK,belowLOD,belowLOD,belowLOD,belowLOD,belowLOD,belowLOD,33-08_466_15
27,33-08,466,1-Dec,3,yes,yes,no,yes,no,no,no,no,sporeSpoil,sporeSpoil,1,350,280,200,12000,620000,4.90E+07,5,5,5,5,20,2000,OK,OK,OK,OK,OK,OK,belowLOD,belowLOD,belowLOD,belowLOD,OK,OK,33-08_466_12-1
28,33-08,466,2-Dec,3,noSpoil,no,no,no,no,no,no,no,noSpoil,noSpoil,1,480,640,170,80,640,16000,5,5,5,5,5,5,OK,OK,OK,OK,OK,OK,belowLOD,belowLOD,belowLOD,belowLOD,belowLOD,belowLOD,33-08_466_12-2
30,33-08,466,13-1,3,yes,no,no,yes,no,no,no,no,sporeSpoil,sporeSpoil,1,80,60,140,17000,860000,6.70E+07,5,5,5,5,5,500,OK,OK,OK,OK,OK,OK,belowLOD,belowLOD,belowLOD,belowLOD,belowLOD,belowLOD,33-08_466_13-1
66,36-1103,466,31,2,yes,yes,no,yes,yes,yes,yes,yes,ppcSpoil,ppcSpoil,1,50,570,10000,3100000,2.90E+07,5.20E+07,40,440,5600,510000,2.80E+07,7.40E+07,OK,OK,OK,OK,OK,OK,OK,OK,OK,OK,OK,OK,36-1103_466_31
67,36-1103,466,35,2,yes,no,no,yes,no,no,no,no,sporeSpoil,sporeSpoil,1,5,5,9100,11000,7.00E+06,78000,5,5,5,5,500,500,belowLOD,belowLOD,aboveLOD,OK,OK,OK,belowLOD,belowLOD,belowLOD,belowLOD,belowLOD,belowLOD,36-1103_466_35
68,36-1103,466,36,3,yes,no,no,yes,no,no,no,no,sporeSpoil,sporeSpoil,1,5,10,30,2100,74000,4600000,5,5,5,5,5,500,belowLOD,OK,OK,OK,OK,OK,belowLOD,belowLOD,belowLOD,belowLOD,belowLOD,belowLOD,36-1103_466_36
144,36-1880,466,22,3,yes,no,no,yes,no,no,no,no,sporeSpoil,sporeSpoil,1,210,900,160,510,190000,4600000,5,5,20,5,5,500,OK,OK,OK,OK,OK,OK,belowLOD,belowLOD,OK,belowLOD,belowLOD,belowLOD,36-1880_466_22
147,36-1880,466,23,3,yes,no,no,yes,no,no,no,no,sporeSpoil,sporeSpoil,1,250,320,180,170,64000,5.00E+06,5,5,5,5,5,500,OK,OK,OK,OK,OK,OK,belowLOD,belowLOD,belowLOD,belowLOD,belowLOD,belowLOD,36-1880_466_23
149,36-1880,466,24,3,yes,no,no,yes,no,no,no,no,sporeSpoil,sporeSpoil,1,280,100,80,3500,28000,850000,5,5,5,5,5,5,OK,OK,OK,OK,OK,OK,belowLOD,belowLOD,belowLOD,belowLOD,belowLOD,belowLOD,36-1880_466_24
150,36-1880,466,25,3,yes,no,no,yes,no,no,no,no,sporeSpoil,sporeSpoil,1,30,50,40,6800,190000,1.90E+07,5,5,5,5,5,500,OK,OK,OK,OK,OK,OK,belowLOD,belowLOD,belowLOD,belowLOD,belowLOD,belowLOD,36-1880_466_25
145,36-1880,466,22-1,3,yes,yes,no,yes,yes,yes,yes,yes,ppcSpoil,ppcSpoil,1,230,50,650,620000,5.60E+07,9.10E+08,5,5,1000,6.00E+05,5.10E+07,5.00E+08,OK,OK,OK,OK,OK,OK,belowLOD,belowLOD,OK,OK,OK,OK,36-1880_466_22-1
146,36-1880,466,22-2,3,yes,yes,no,yes,no,no,no,no,sporeSpoil,sporeSpoil,1,240,110,80,930,22000,1.00E+06,5,5,5,5,5,8000,OK,OK,OK,OK,OK,OK,belowLOD,belowLOD,belowLOD,belowLOD,belowLOD,OK,36-1880_466_22-2
148,36-1880,466,23-1,3,yes,no,no,yes,no,no,no,no,sporeSpoil,sporeSpoil,1,70,30,50,1200,36000,1900000,5,5,5,5,5,500,OK,OK,OK,OK,OK,OK,belowLOD,belowLOD,belowLOD,belowLOD,belowLOD,belowLOD,36-1880_466_23-1
204,36-3108,466,41,5,yes,yes,yes,no,yes,yes,yes,yes,ppcSpoil,ppcSpoil,1,280,3000,320000,1.70E+08,NotTested,NotTested,20,2500,420000,1.10E+08,NotTested,NotTested,OK,OK,OK,OK,OK,OK,OK,OK,OK,OK,OK,OK,36-3108_466_41
205,36-3108,466,42,5,yes,yes,yes,no,yes,yes,yes,yes,ppcSpoil,ppcSpoil,1,2300,2400,860000,9.40E+07,NotTested,NotTested,5,1700,680000,9.90E+07,NotTested,NotTested,OK,OK,OK,OK,OK,OK,belowLOD,OK,OK,OK,OK,OK,36-3108_466_42
206,36-3108,466,43,5,noSpoil,no,no,no,no,no,no,no,noSpoil,noSpoil,1,2100,1100,2000,2500,NotTested,NotTested,5,5,5,5,NotTested,NotTested,OK,OK,OK,OK,OK,OK,belowLOD,belowLOD,belowLOD,belowLOD,OK,OK,36-3108_466_43
207,36-3108,466,45,5,yes,yes,no,yes,yes,no,yes,yes,ppcSpoil,ppcSpoil,1,10,30,480,7800000,NotTested,NotTested,5,20,280,2600000,NotTested,NotTested,OK,OK,OK,OK,OK,OK,belowLOD,OK,OK,OK,OK,OK,36-3108_466_45
262,36-5385,466,61,1,yes,yes,yes,no,yes,yes,yes,yes,ppcSpoil,ppcSpoil,1,180,3900000,6.90E+07,5900000,NotTested,NotTested,20,5500000,7.40E+07,6800000,NotTested,NotTested,OK,OK,OK,OK,OK,OK,OK,OK,OK,OK,OK,OK,36-5385_466_61
263,36-5385,466,62,1,yes,yes,yes,no,yes,yes,yes,yes,ppcSpoil,ppcSpoil,1,360,4.00E+07,9.50E+07,6.50E+08,NotTested,NotTested,40,4.00E+07,4.00E+07,4.20E+08,NotTested,NotTested,OK,aboveLOD,OK,OK,OK,OK,OK,aboveLOD,OK,OK,OK,OK,36-5385_466_62
265,36-5385,466,63,1,yes,yes,yes,no,yes,yes,yes,yes,ppcSpoil,ppcSpoil,1,590,160000,1.80E+07,1.20E+08,NotTested,NotTested,20,170000,2.50E+07,1.60E+08,NotTested,NotTested,OK,OK,OK,OK,OK,OK,OK,OK,OK,OK,OK,OK,36-5385_466_63
266,36-5385,466,65,1,yes,yes,yes,no,yes,yes,yes,yes,ppcSpoil,ppcSpoil,1,4900,69000,69000,2400000,NotTested,NotTested,5,4500,11000,2600000,NotTested,NotTested,OK,OK,OK,OK,OK,OK,belowLOD,OK,OK,OK,OK,OK,36-5385_466_65
264,36-5385,466,62-1,1,yes,yes,yes,no,yes,yes,yes,yes,ppcSpoil,ppcSpoil,1,350,4.00E+07,5.30E+07,3.30E+08,NotTested,NotTested,20,4.00E+07,5.80E+07,6200000,NotTested,NotTested,OK,aboveLOD,OK,OK,OK,OK,OK,aboveLOD,OK,OK,OK,OK,36-5385_466_62-1
289,36-8832,466,51,2,yes,yes,yes,no,yes,yes,yes,yes,ppcSpoil,ppcSpoil,1,10,2200,4.00E+07,5.00E+05,4200000,1300000,5,3600,4.00E+07,50000,50000,50000,OK,OK,aboveLOD,OK,OK,OK,belowLOD,OK,aboveLOD,belowLOD,belowLOD,belowLOD,36-8832_466_51
290,36-8832,466,52,2,yes,yes,yes,no,yes,yes,yes,yes,ppcSpoil,ppcSpoil,1,30,4.00E+05,2.90E+07,4.60E+08,1.20E+08,1.30E+08,5,4.00E+05,3.40E+07,7.60E+08,1.40E+08,8.20E+07,OK,aboveLOD,OK,OK,OK,OK,belowLOD,aboveLOD,OK,OK,OK,OK,36-8832_466_52
292,36-8832,466,53,2,yes,no,no,yes,no,no,no,no,sporeSpoil,sporeSpoil,1,30,30,20,41000,2300000,2900000,5,5,5,5,20,500,OK,OK,OK,OK,OK,OK,belowLOD,belowLOD,belowLOD,belowLOD,OK,belowLOD,36-8832_466_53
295,36-8832,466,55,2,yes,no,no,yes,no,no,no,no,sporeSpoil,sporeSpoil,1,20,20,160,6800,1.20E+07,3.40E+07,5,5,5,5,5,500,OK,OK,OK,OK,OK,OK,belowLOD,belowLOD,belowLOD,belowLOD,belowLOD,belowLOD,36-8832_466_55
291,36-8832,466,52-1,2,yes,yes,no,yes,no,no,yes,no,sporeSpoil,sporeSpoil,1,20,20,470,330000,5500000,1.20E+07,5,5,20,5,500,50000,OK,OK,OK,OK,OK,OK,belowLOD,belowLOD,OK,belowLOD,belowLOD,belowLOD,36-8832_466_52-1
293,36-8832,466,53-1,2,yes,yes,no,yes,no,no,yes,no,sporeSpoil,sporeSpoil,1,20,10,80,11000,1.00E+06,7400000,5,5,5,5,5,50000,OK,OK,OK,OK,OK,OK,belowLOD,belowLOD,belowLOD,belowLOD,belowLOD,belowLOD,36-8832_466_53-1
294,36-8832,466,53-2,2,yes,no,no,yes,no,no,no,no,sporeSpoil,sporeSpoil,1,20,30,180,58000,2.50E+08,5600000,5,5,5,5,500,500,OK,OK,OK,OK,OK,OK,belowLOD,belowLOD,belowLOD,belowLOD,belowLOD,belowLOD,36-8832_466_53-2
296,36-8832,466,55-1,2,yes,yes,no,yes,no,no,yes,no,sporeSpoil,sporeSpoil,1,40,30,210,22000,1.50E+07,7.20E+07,5,5,5,5,500,50000,OK,OK,OK,OK,OK,OK,belowLOD,belowLOD,belowLOD,belowLOD,belowLOD,belowLOD,36-8832_466_55-1
78,36-1131,467,31,3,yes,yes,no,yes,yes,yes,yes,yes,ppcSpoil,ppcSpoil,1,10,20,550,850000,52000,1200000,5,5,440,3200000,20000,150000,OK,OK,OK,OK,OK,OK,belowLOD,belowLOD,OK,OK,OK,OK,36-1131_467_31
99,36-1288,467,51,3,yes,yes,no,no,yes,yes,yes,yes,ppcSpoil,ppcSpoil,1,70,60,5,50,23000,64000,5,5,5,5,4.00E+07,5.00E+08,OK,OK,belowLOD,OK,OK,OK,belowLOD,belowLOD,belowLOD,belowLOD,aboveLOD,OK,36-1288_467_51
101,36-1288,467,52,1,yes,yes,yes,no,yes,yes,yes,yes,ppcSpoil,ppcSpoil,1,30,2500,470000,7.20E+07,1.60E+08,50000,5,2400,530000,8.60E+07,1.30E+08,50000,OK,OK,OK,OK,OK,belowLOD,belowLOD,OK,OK,OK,OK,belowLOD,36-1288_467_52
102,36-1288,467,53,1,yes,yes,no,yes,yes,yes,yes,yes,ppcSpoil,ppcSpoil,1,20,40,10,20,4.00E+07,3.00E+08,5,5,5,5,4.00E+07,2.80E+08,OK,OK,OK,OK,aboveLOD,OK,belowLOD,belowLOD,belowLOD,belowLOD,aboveLOD,OK,36-1288_467_53
103,36-1288,467,55,4,yes,yes,no,yes,yes,yes,yes,yes,ppcSpoil,ppcSpoil,1,40,440,5600,1.60E+07,6.40E+08,6.40E+08,5,320,5900,1.50E+07,1.60E+08,6.20E+08,OK,OK,OK,OK,OK,OK,belowLOD,OK,OK,OK,OK,OK,36-1288_467_55
100,36-1288,467,51-1,3,yes,yes,yes,no,yes,yes,yes,yes,ppcSpoil,ppcSpoil,1,40,140000,1.30E+07,2.00E+07,1.70E+09,2.60E+09,20,28000,4.00E+07,1.90E+07,2.30E+09,2.20E+09,OK,OK,OK,OK,OK,OK,OK,OK,aboveLOD,OK,OK,OK,36-1288_467_51-1
104,36-1288,467,55-1,4,yes,yes,no,yes,no,no,yes,no,sporeSpoil,sporeSpoil,1,5,40,500,18000,660000,2.40E+08,5,20,500,5,5,36000,belowLOD,OK,belowLOD,OK,OK,OK,belowLOD,OK,belowLOD,belowLOD,belowLOD,OK,36-1288_467_55-1
128,36-1661,467,71,2,yes,yes,yes,no,yes,yes,yes,yes,ppcSpoil,ppcSpoil,1,960,2800,8100000,1.50E+08,NotTested,NotTested,5,27000,4000,1.40E+08,NotTested,NotTested,OK,OK,OK,OK,OK,OK,belowLOD,OK,OK,OK,OK,OK,36-1661_467_71
129,36-1661,467,72,2,yes,yes,yes,no,yes,yes,yes,yes,ppcSpoil,ppcSpoil,1,1500,14000,2700000,39000,NotTested,NotTested,5,68000,6600000,6.20E+07,NotTested,NotTested,OK,OK,OK,OK,OK,OK,belowLOD,OK,OK,OK,OK,OK,36-1661_467_72
132,36-1661,467,73,2,yes,yes,yes,no,yes,yes,yes,yes,ppcSpoil,ppcSpoil,1,320,18000,5500000,240000,NotTested,NotTested,5,14000,4.00E+06,500,NotTested,NotTested,OK,OK,OK,OK,OK,OK,belowLOD,OK,OK,belowLOD,OK,OK,36-1661_467_73
135,36-1661,467,74,2,yes,yes,yes,no,yes,yes,yes,yes,ppcSpoil,ppcSpoil,1,700,11000,5200000,2.30E+08,NotTested,NotTested,5,11000,5500000,2.80E+08,NotTested,NotTested,OK,OK,OK,OK,OK,OK,belowLOD,OK,OK,OK,OK,OK,36-1661_467_74
136,36-1661,467,75,2,yes,no,no,no,no,no,no,no,sporeSpoil,sporeSpoil,1,5,5,400,48000,NotTested,NotTested,5,5,20,5,NotTested,NotTested,belowLOD,belowLOD,OK,OK,OK,OK,belowLOD,belowLOD,OK,belowLOD,OK,OK,36-1661_467_75
130,36-1661,467,72-1,2,yes,no,no,yes,no,no,no,no,sporeSpoil,sporeSpoil,1,1500,1600,1900,160000,NotTested,NotTested,5,5,5,5,NotTested,NotTested,OK,OK,OK,OK,OK,OK,belowLOD,belowLOD,belowLOD,belowLOD,OK,OK,36-1661_467_72-1
131,36-1661,467,72-2,2,yes,yes,yes,no,yes,yes,yes,yes,ppcSpoil,ppcSpoil,1,1700,2800,350000,7.80E+07,NotTested,NotTested,5,160,7600,1.30E+07,NotTested,NotTested,OK,OK,OK,OK,OK,OK,belowLOD,OK,OK,OK,OK,OK,36-1661_467_72-2
133,36-1661,467,73-1,2,yes,yes,yes,no,yes,yes,yes,yes,ppcSpoil,ppcSpoil,1,270,4.00E+05,1.40E+07,3.00E+08,NotTested,NotTested,40,4.00E+05,3300000,4.80E+08,NotTested,NotTested,OK,aboveLOD,OK,OK,OK,OK,OK,aboveLOD,OK,OK,OK,OK,36-1661_467_73-1
134,36-1661,467,73-2,2,yes,yes,yes,no,yes,yes,yes,yes,ppcSpoil,ppcSpoil,1,750,4.00E+05,3.50E+07,2.00E+08,NotTested,NotTested,5,4.00E+05,5.50E+07,5.00E+08,NotTested,NotTested,OK,aboveLOD,OK,OK,OK,OK,belowLOD,aboveLOD,OK,OK,OK,OK,36-1661_467_73-2
160,36-2107,467,21,6,yes,yes,no,yes,no,yes,yes,no,ppcSpoil,Review,0,640,710,2600,410000,2.70E+07,1.70E+09,5,5,1500,30000,5,50000,OK,OK,OK,OK,OK,OK,belowLOD,belowLOD,OK,OK,belowLOD,belowLOD,36-2107_467_21
162,36-2107,467,22,7,yes,yes,no,yes,yes,yes,yes,yes,ppcSpoil,ppcSpoil,1,1200,NotTested,1100,3400,24000,1.10E+07,5,NotTested,20,340,19000,3400000,OK,OK,OK,OK,OK,OK,belowLOD,OK,OK,OK,OK,OK,36-2107_467_22
163,36-2107,467,23,8,yes,yes,no,yes,yes,yes,yes,yes,ppcSpoil,ppcSpoil,1,430,NotTested,410,4.00E+05,660000,4.10E+07,5,NotTested,5700,4.00E+05,4.00E+07,1.40E+07,OK,OK,OK,aboveLOD,OK,OK,belowLOD,OK,OK,aboveLOD,aboveLOD,OK,36-2107_467_23
165,36-2107,467,24,8,yes,yes,no,yes,yes,yes,yes,yes,ppcSpoil,ppcSpoil,1,630,NotTested,580,4.00E+05,4.00E+07,7.40E+08,5,NotTested,4.00E+05,4.00E+05,4.00E+07,1.10E+09,OK,OK,OK,aboveLOD,aboveLOD,OK,belowLOD,OK,aboveLOD,aboveLOD,aboveLOD,OK,36-2107_467_24
161,36-2107,467,21-1,8,yes,yes,no,yes,yes,yes,yes,yes,ppcSpoil,ppcSpoil,1,1300,NotTested,1600,3.40E+07,4.00E+07,8.00E+07,155,NotTested,98000,4.00E+05,4.00E+07,7.30E+07,OK,OK,OK,OK,aboveLOD,OK,belowLOD,OK,OK,aboveLOD,aboveLOD,OK,36-2107_467_21-1
164,36-2107,467,23-1,8,yes,yes,no,yes,yes,yes,yes,yes,ppcSpoil,ppcSpoil,1,690,NotTested,740,1.60E+07,1.40E+07,6.60E+07,5,NotTested,2000,4.00E+05,1.30E+07,3.60E+07,OK,OK,OK,OK,OK,OK,belowLOD,OK,OK,aboveLOD,OK,OK,36-2107_467_23-1
242,36-4739,467,11,6,yes,yes,yes,no,yes,yes,yes,yes,ppcSpoil,ppcSpoil,1,5,NotTested,4.00E+05,2.60E+07,2.30E+08,2.50E+08,5,NotTested,4.00E+05,2.90E+07,2.60E+08,5.60E+08,belowLOD,OK,aboveLOD,OK,OK,OK,belowLOD,OK,aboveLOD,OK,OK,OK,36-4739_467_11
243,36-4739,467,12,3,yes,yes,yes,no,yes,no,yes,no,ppcSpoil,ppcSpoil,1,180,460,820000,1000,3000,9000,5,320,9.00E+05,500,5,660,OK,OK,OK,OK,OK,OK,belowLOD,OK,OK,belowLOD,belowLOD,OK,36-4739_467_12
247,36-4739,467,13,3,yes,yes,no,yes,no,no,yes,no,sporeSpoil,sporeSpoil,1,50,70,10000,4.00E+07,1.40E+08,2.60E+08,5,5,5,460,500,50000,OK,OK,OK,aboveLOD,OK,OK,belowLOD,belowLOD,belowLOD,OK,belowLOD,belowLOD,36-4739_467_13
251,36-4739,467,14,3,yes,yes,no,yes,no,no,yes,no,sporeSpoil,sporeSpoil,1,40,100,6600,340000,1.80E+08,2.90E+08,100,5,5,280,280,50000,OK,OK,OK,OK,OK,OK,OK,belowLOD,belowLOD,OK,OK,belowLOD,36-4739_467_14
252,36-4739,467,15,4,yes,yes,no,yes,no,no,yes,no,sporeSpoil,sporeSpoil,1,100,50,9300,4.40E+07,2.50E+07,2.50E+07,5,5,5,50,500,50000,OK,OK,OK,OK,OK,OK,belowLOD,belowLOD,belowLOD,belowLOD,belowLOD,belowLOD,36-4739_467_15
244,36-4739,467,1-Dec,3,yes,yes,yes,no,yes,yes,yes,yes,ppcSpoil,ppcSpoil,1,180,22000,6400000,9.90E+07,1.50E+09,3.30E+09,5,22000,5400000,8.40E+07,1.60E+09,2.90E+09,OK,OK,OK,OK,OK,OK,belowLOD,OK,OK,OK,OK,OK,36-4739_467_12-1
245,36-4739,467,2-Dec,4,yes,no,no,yes,no,no,no,no,sporeSpoil,sporeSpoil,1,50,70,60,1100,190000,9700000,5,5,5,5,5,5,OK,OK,OK,OK,OK,OK,belowLOD,belowLOD,belowLOD,belowLOD,belowLOD,belowLOD,36-4739_467_12-2
246,36-4739,467,3-Dec,3,yes,no,no,yes,no,no,no,no,sporeSpoil,sporeSpoil,1,240,30,330,2900,8400,180000,20,5,5,5,5,20,OK,OK,OK,OK,OK,OK,OK,belowLOD,belowLOD,belowLOD,belowLOD,OK,36-4739_467_12-3
248,36-4739,467,13-1,3,noSpoil,yes,no,no,yes,no,no,no,noSpoil,noSpoil,1,80,10,40,80,40,30,5,5,5,5,5,2000,OK,OK,OK,OK,OK,OK,belowLOD,belowLOD,belowLOD,belowLOD,belowLOD,OK,36-4739_467_13-1
249,36-4739,467,13-2,4,noSpoil,no,no,no,no,no,no,no,noSpoil,noSpoil,1,60,20,30,10,5,5,5,5,5,5,5,5,OK,OK,OK,OK,belowLOD,belowLOD,belowLOD,belowLOD,belowLOD,belowLOD,belowLOD,belowLOD,36-4739_467_13-2
250,36-4739,467,13-3,3,yes,no,no,yes,no,no,no,no,sporeSpoil,sporeSpoil,1,50,150,40,210,5800,1100000,5,5,5,5,5,5,OK,OK,OK,OK,OK,OK,belowLOD,belowLOD,belowLOD,belowLOD,belowLOD,belowLOD,36-4739_467_13-3
285,36-8446,467,61,7,yes,yes,no,yes,yes,yes,yes,yes,ppcSpoil,ppcSpoil,1,180,NotTested,1600,390000,5.90E+07,1.10E+08,5,NotTested,1200,120000,8400000,8.20E+07,OK,OK,OK,OK,OK,OK,belowLOD,OK,OK,OK,OK,OK,36-8446_467_61
286,36-8446,467,61-1,6,yes,yes,no,yes,yes,no,yes,no,sporeSpoil,ppcSpoil,0,40,NotTested,50,1100,42000,1200000,5,NotTested,5,5,20,370000,OK,OK,OK,OK,OK,OK,belowLOD,OK,belowLOD,belowLOD,OK,OK,36-8446_467_61-1
6,23-03,468,21,3,noSpoil,yes,no,no,yes,yes,no,no,noSpoil,noSpoil,1,220,400,320,520,1400,20000,5,5,5,5,20000,2500,OK,OK,OK,OK,OK,OK,belowLOD,belowLOD,belowLOD,belowLOD,OK,OK,23-03_468_21
8,23-03,468,22,3,yes,yes,no,no,no,yes,no,no,ppcSpoil,Review,0,190,180,2400,1.00E+05,25,65000,5,5,2900,3700,500,5,OK,OK,OK,OK,belowLOD,OK,belowLOD,belowLOD,OK,OK,belowLOD,belowLOD,23-03_468_22
10,23-03,468,23,3,yes,yes,no,yes,yes,no,yes,yes,ppcSpoil,ppcSpoil,1,490,650,470,530,740,4.00E+06,5,20,20,120,5,2800000,OK,OK,OK,OK,OK,OK,belowLOD,OK,OK,OK,belowLOD,OK,23-03_468_23
12,23-03,468,24,3,yes,yes,no,yes,no,no,no,no,sporeSpoil,sporeSpoil,1,90,150,160,330,850,250000,5,5,5,1800,5,20,OK,OK,OK,OK,OK,OK,belowLOD,belowLOD,belowLOD,OK,belowLOD,OK,23-03_468_24
7,23-03,468,21-1,3,yes,yes,yes,no,yes,yes,yes,yes,ppcSpoil,ppcSpoil,1,390,43000,1.20E+07,6.30E+08,2.70E+08,5.60E+08,5,47000,1.50E+07,9.00E+08,4.20E+08,6.20E+08,OK,OK,OK,OK,OK,OK,belowLOD,OK,OK,OK,OK,OK,23-03_468_21-1
9,23-03,468,22-1,3,yes,yes,yes,no,yes,yes,yes,yes,ppcSpoil,ppcSpoil,1,190,4.00E+05,8.00E+07,25000,5.60E+08,8.20E+08,5,4.00E+05,9.70E+07,50000,7.30E+08,8.40E+08,OK,aboveLOD,OK,belowLOD,OK,OK,belowLOD,aboveLOD,OK,belowLOD,OK,OK,23-03_468_22-1
11,23-03,468,23-1,3,yes,yes,no,yes,yes,yes,yes,yes,ppcSpoil,ppcSpoil,1,570,630,7900,4.00E+07,4.10E+08,5.70E+08,5,80,7700,4.00E+07,6.50E+08,8.60E+08,OK,OK,OK,aboveLOD,OK,OK,belowLOD,OK,OK,aboveLOD,OK,OK,23-03_468_23-1
13,23-03,468,24-1,3,yes,yes,yes,no,yes,yes,yes,yes,ppcSpoil,ppcSpoil,1,210,4.00E+05,3.20E+07,6.70E+08,1.40E+08,3.60E+08,5,4.00E+05,4.10E+07,8.20E+08,1.80E+08,2.20E+08,OK,aboveLOD,OK,OK,OK,OK,belowLOD,aboveLOD,OK,OK,OK,OK,23-03_468_24-1
33,33-08,468,11,1,yes,yes,no,no,yes,no,no,no,sporeSpoil,sporeSpoil,1,10,30,330,90,500,1.00E+05,5,5,80,5,140,16000,OK,OK,OK,OK,OK,OK,belowLOD,belowLOD,OK,belowLOD,OK,OK,33-08_468_11
34,33-08,468,12,1,yes,yes,no,yes,yes,yes,yes,yes,ppcSpoil,ppcSpoil,1,10,30,20,610,65000,9200000,5,1900,1.70E+07,4.40E+08,4.80E+08,4.00E+09,OK,OK,OK,OK,OK,OK,belowLOD,OK,OK,OK,OK,aboveLOD,33-08_468_12
37,33-08,468,13,1,noSpoil,yes,no,no,yes,yes,yes,yes,ppcSpoil,ppcSpoil,1,10,30,10,2.5,2.5,5400,5,1400,1900000,2.50E+07,1200000,4.00E+07,OK,OK,OK,belowLOD,belowLOD,OK,belowLOD,OK,OK,OK,OK,aboveLOD,33-08_468_13
40,33-08,468,14,1,yes,no,no,yes,no,no,no,no,sporeSpoil,sporeSpoil,1,50,40,120,150,1900,290000,5,5,5,5,5,160,OK,OK,OK,OK,OK,OK,belowLOD,belowLOD,belowLOD,belowLOD,belowLOD,OK,33-08_468_14
41,33-08,468,15,1,yes,yes,no,yes,no,no,yes,no,sporeSpoil,sporeSpoil,1,2.5,10,220,120000,7900000,1.80E+08,5,5,5,5,5,50000,belowLOD,OK,OK,OK,OK,OK,belowLOD,belowLOD,belowLOD,belowLOD,belowLOD,belowLOD,33-08_468_15
35,33-08,468,1-Dec,1,noSpoil,no,no,no,no,no,no,no,noSpoil,noSpoil,1,2.5,30,30,20,200,12000,5,5,5,5,5,5,belowLOD,OK,OK,OK,OK,OK,belowLOD,belowLOD,belowLOD,belowLOD,belowLOD,belowLOD,33-08_468_12-1
36,33-08,468,2-Dec,1,yes,yes,no,no,yes,no,yes,no,sporeSpoil,ppcSpoil,0,10,80,20,50,1100,83000,5,5,5,5,520,21000,OK,OK,OK,OK,OK,OK,belowLOD,belowLOD,belowLOD,belowLOD,OK,OK,33-08_468_12-2
38,33-08,468,13-1,1,noSpoil,no,no,no,yes,no,no,no,noSpoil,noSpoil,1,30,20,20,30,10,40,5,5,5,5,5,5,OK,OK,OK,OK,OK,OK,belowLOD,belowLOD,belowLOD,belowLOD,belowLOD,belowLOD,33-08_468_13-1
39,33-08,468,13-2,1,yes,no,no,yes,no,no,no,no,sporeSpoil,sporeSpoil,1,20,2.5,10,90,1000,190000,5,5,5,5,5,5,OK,belowLOD,OK,OK,OK,OK,belowLOD,belowLOD,belowLOD,belowLOD,belowLOD,belowLOD,33-08_468_13-2
69,36-1103,468,51,2,noSpoil,no,no,no,no,no,no,no,noSpoil,noSpoil,1,40,70,90,10,40,60,5,5,5,5,5,5,OK,OK,OK,OK,OK,OK,belowLOD,belowLOD,belowLOD,belowLOD,belowLOD,belowLOD,36-1103_468_51
70,36-1103,468,55,2,noSpoil,no,no,no,no,no,no,no,noSpoil,noSpoil,1,2.5,2.5,10,100,1100,11000,5,5,5,5,20,200,belowLOD,belowLOD,OK,OK,OK,OK,belowLOD,belowLOD,belowLOD,belowLOD,OK,OK,36-1103_468_55
71,36-1103,468,56,17,noSpoil,no,no,no,yes,no,no,no,noSpoil,noSpoil,1,30,NotTested,NotTested,NotTested,NotTested,10,5,NotTested,NotTested,NotTested,NotTested,5,OK,OK,OK,OK,OK,OK,belowLOD,OK,OK,OK,OK,belowLOD,36-1103_468_56
208,36-3108,468,41,1,yes,yes,yes,no,yes,yes,yes,yes,ppcSpoil,ppcSpoil,1,3300,19000,2.30E+07,1.20E+09,NotTested,NotTested,5,18000,60000,1.30E+09,NotTested,NotTested,OK,OK,OK,OK,OK,OK,belowLOD,OK,OK,OK,OK,OK,36-3108_468_41
209,36-3108,468,42,1,noSpoil,yes,no,no,yes,no,no,no,noSpoil,noSpoil,1,4200,4600,5100,10000,NotTested,NotTested,5,20,1700,5,NotTested,NotTested,OK,OK,OK,OK,OK,OK,belowLOD,OK,OK,belowLOD,OK,OK,36-3108_468_42
210,36-3108,468,43,1,noSpoil,yes,no,no,yes,no,no,no,noSpoil,noSpoil,1,2600,1900,3200,19000,NotTested,NotTested,5,5,120,3700,NotTested,NotTested,OK,OK,OK,OK,OK,OK,belowLOD,belowLOD,OK,OK,OK,OK,36-3108_468_43
211,36-3108,468,45,1,yes,no,no,yes,no,no,no,no,sporeSpoil,sporeSpoil,1,10,2.5,310,130000,NotTested,NotTested,5,5,5,5,NotTested,NotTested,OK,belowLOD,OK,OK,OK,OK,belowLOD,belowLOD,belowLOD,belowLOD,OK,OK,36-3108_468_45
298,36-8832,468,32,1,noSpoil,no,no,no,no,no,no,no,noSpoil,noSpoil,1,2.5,10,2.5,40,2300,9200,5,5,5,5,5,5,belowLOD,OK,belowLOD,OK,OK,OK,belowLOD,belowLOD,belowLOD,belowLOD,belowLOD,belowLOD,36-8832_468_32
300,36-8832,468,33,1,yes,no,no,no,no,no,no,no,sporeSpoil,sporeSpoil,1,2.5,10,10,40,90,67000,5,5,5,5,5,5,belowLOD,OK,OK,OK,OK,OK,belowLOD,belowLOD,belowLOD,belowLOD,belowLOD,belowLOD,36-8832_468_33
301,36-8832,468,35,1,yes,no,no,yes,no,no,no,no,sporeSpoil,sporeSpoil,1,40,70,1400,210000,570000,1.60E+08,5,5,5,5,5,5,OK,OK,OK,OK,OK,OK,belowLOD,belowLOD,belowLOD,belowLOD,belowLOD,belowLOD,36-8832_468_35
297,36-8832,468,31-1,1,noSpoil,no,no,no,no,no,no,no,noSpoil,noSpoil,1,20,20,2.5,90,280,4500,5,5,5,5,5,5,OK,OK,belowLOD,OK,OK,OK,belowLOD,belowLOD,belowLOD,belowLOD,belowLOD,belowLOD,36-8832_468_31-1
299,36-8832,468,32-1,1,yes,yes,no,no,yes,no,no,no,sporeSpoil,ppcSpoil,0,5,10,20,20,230,33000,5,5,5,5,5,8400,belowLOD,OK,OK,OK,OK,OK,belowLOD,belowLOD,belowLOD,belowLOD,belowLOD,OK,36-8832_468_32-1
302,36-8832,468,35-1,1,yes,no,no,yes,no,no,no,no,sporeSpoil,sporeSpoil,1,10,40,310,360000,2400000,2.20E+08,5,5,5,5,5,5,OK,OK,OK,OK,OK,OK,belowLOD,belowLOD,belowLOD,belowLOD,belowLOD,belowLOD,36-8832_468_35-1
49,36-1007,469,11,4,yes,yes,no,yes,yes,yes,yes,yes,ppcSpoil,ppcSpoil,1,40,350,1400,2200000,1.40E+08,4.70E+08,5,5,1200,2800000,1.40E+08,4.10E+08,OK,OK,OK,OK,OK,OK,belowLOD,belowLOD,OK,OK,OK,OK,36-1007_469_11
51,36-1007,469,12,4,yes,yes,no,yes,yes,yes,yes,yes,ppcSpoil,ppcSpoil,1,10,80,1200,1100000,250,2.30E+08,5,40,700,1400000,2300000,1.50E+08,OK,OK,OK,OK,belowLOD,OK,belowLOD,OK,OK,OK,OK,OK,36-1007_469_12
52,36-1007,469,13,4,yes,yes,yes,no,yes,yes,yes,yes,ppcSpoil,ppcSpoil,1,10,7000,1.00E+07,1.10E+08,4.20E+08,8.10E+08,20,7100,110000,1.40E+08,4.20E+08,4.80E+08,OK,OK,OK,OK,OK,OK,OK,OK,OK,OK,OK,OK,36-1007_469_13
53,36-1007,469,15,4,yes,yes,yes,no,yes,yes,yes,yes,ppcSpoil,ppcSpoil,1,90,1400,6600000,2.60E+08,25000,4.20E+08,5,1500,7300000,2.30E+08,50000,3.80E+08,OK,OK,OK,OK,belowLOD,OK,belowLOD,OK,OK,OK,belowLOD,OK,36-1007_469_15
50,36-1007,469,1-Nov,4,yes,yes,yes,no,yes,yes,yes,yes,ppcSpoil,ppcSpoil,1,750,160000,7.60E+07,1.50E+08,25000,6.20E+08,880,230000,5.10E+07,1.50E+08,50000,4.40E+08,OK,OK,OK,OK,belowLOD,OK,OK,OK,OK,OK,belowLOD,OK,36-1007_469_11-1
79,36-1131,469,41,4,yes,yes,no,no,yes,yes,yes,no,ppcSpoil,ppcSpoil,1,10,20,50,86000,26000,26000,5,5,20,64000,26000,480,OK,OK,OK,OK,OK,OK,belowLOD,belowLOD,OK,OK,OK,OK,36-1131_469_41
80,36-1131,469,41-1,11,yes,no,no,yes,no,no,no,no,sporeSpoil,sporeSpoil,1,10,NotTested,NotTested,20,2500,640000,5,NotTested,NotTested,5,5,5,OK,OK,OK,OK,OK,OK,belowLOD,OK,OK,belowLOD,belowLOD,belowLOD,36-1131_469_41-1
105,36-1288,469,31,3,noSpoil,no,no,no,no,no,no,no,noSpoil,noSpoil,1,2.5,60,20,20,1800,20,5,5,5,5,120,5,belowLOD,OK,OK,OK,OK,OK,belowLOD,belowLOD,belowLOD,belowLOD,OK,belowLOD,36-1288_469_31
107,36-1288,469,32,1,yes,yes,yes,no,yes,yes,yes,yes,ppcSpoil,ppcSpoil,1,40,4.00E+05,5.50E+07,1.30E+08,1.00E+06,2.60E+08,5,4.00E+05,5.00E+07,1.30E+08,5.00E+06,2.20E+08,OK,aboveLOD,OK,OK,OK,OK,belowLOD,aboveLOD,OK,OK,OK,OK,36-1288_469_32
108,36-1288,469,33,1,noSpoil,no,no,no,no,no,no,no,noSpoil,noSpoil,1,30,70,10,20,10,8700,5,5,5,5,5,5,OK,OK,OK,OK,OK,OK,belowLOD,belowLOD,belowLOD,belowLOD,belowLOD,belowLOD,36-1288_469_33
109,36-1288,469,35,2,yes,yes,yes,no,no,no,no,no,ppcSpoil,sporeSpoil,0,10,540,45000,1500000,6200000,7.30E+07,5,5,40,8300,5,180,OK,OK,OK,OK,OK,OK,belowLOD,belowLOD,OK,OK,belowLOD,OK,36-1288_469_35
106,36-1288,469,31-1,3,yes,no,no,yes,no,no,no,no,sporeSpoil,sporeSpoil,1,50,30,20,40,970,4.00E+05,5,5,5,20,5,40,OK,OK,OK,OK,OK,OK,belowLOD,belowLOD,belowLOD,OK,belowLOD,OK,36-1288_469_31-1
110,36-1288,469,35-1,2,yes,no,no,yes,no,no,no,no,sporeSpoil,sporeSpoil,1,60,270,15000,3600000,1.00E+07,5.40E+07,5,5,5,5,5,5,OK,OK,OK,OK,OK,OK,belowLOD,belowLOD,belowLOD,belowLOD,belowLOD,belowLOD,36-1288_469_35-1
182,36-2151,469,21,3,noSpoil,no,no,no,yes,no,no,no,noSpoil,noSpoil,1,220,140,180,4300,230,1800,5,5,5,5,5,740,OK,OK,OK,OK,OK,OK,belowLOD,belowLOD,belowLOD,belowLOD,belowLOD,OK,36-2151_469_21
186,36-2151,469,22,3,noSpoil,no,no,no,no,no,no,no,noSpoil,noSpoil,1,260,220,120,120,170,260,5,5,5,5,5,5,OK,OK,OK,OK,OK,OK,belowLOD,belowLOD,belowLOD,belowLOD,belowLOD,belowLOD,36-2151_469_22
189,36-2151,469,23,3,yes,yes,yes,no,yes,yes,yes,yes,ppcSpoil,ppcSpoil,1,140,15000,1.20E+07,8.20E+07,25000,2.60E+08,5,16000,1.40E+07,8.40E+07,50000,2.00E+08,OK,OK,OK,OK,belowLOD,OK,belowLOD,OK,OK,OK,belowLOD,OK,36-2151_469_23
191,36-2151,469,24,3,noSpoil,no,no,no,no,no,no,no,noSpoil,noSpoil,1,240,180,130,120,170,230,5,5,5,5,5,5,OK,OK,OK,OK,OK,OK,belowLOD,belowLOD,belowLOD,belowLOD,belowLOD,belowLOD,36-2151_469_24
193,36-2151,469,25,6,yes,yes,yes,no,yes,yes,yes,yes,ppcSpoil,ppcSpoil,1,80,NotTested,4.00E+05,2.60E+08,9.60E+08,1.10E+09,5,NotTested,4.00E+05,2.60E+08,1.40E+09,1.10E+09,OK,OK,aboveLOD,OK,OK,OK,belowLOD,OK,aboveLOD,OK,OK,OK,36-2151_469_25
183,36-2151,469,21-1,5,yes,no,no,yes,no,no,no,no,sporeSpoil,sporeSpoil,1,200,NotTested,150,1900,220000,1400000,5,NotTested,5,5,5,500,OK,OK,OK,OK,OK,OK,belowLOD,OK,belowLOD,belowLOD,belowLOD,belowLOD,36-2151_469_21-1
184,36-2151,469,21-2,3,noSpoil,no,no,no,no,no,no,no,noSpoil,noSpoil,1,160,220,200,150,350,2100,5,5,5,5,5,5,OK,OK,OK,OK,OK,OK,belowLOD,belowLOD,belowLOD,belowLOD,belowLOD,belowLOD,36-2151_469_21-2
185,36-2151,469,21-3,3,noSpoil,no,no,no,no,no,no,no,noSpoil,noSpoil,1,110,130,170,110,180,840,5,5,5,20,5,5,OK,OK,OK,OK,OK,OK,belowLOD,belowLOD,belowLOD,OK,belowLOD,belowLOD,36-2151_469_21-3
187,36-2151,469,22-1,5,yes,no,no,yes,no,no,no,no,sporeSpoil,sporeSpoil,1,280,NotTested,540,670,40000,560000,5,NotTested,5,5,5,5,OK,OK,OK,OK,OK,OK,belowLOD,OK,belowLOD,belowLOD,belowLOD,belowLOD,36-2151_469_22-1
188,36-2151,469,22-2,3,noSpoil,no,no,no,no,no,no,no,noSpoil,noSpoil,1,240,190,240,150,240,2700,5,5,5,5,5,5,OK,OK,OK,OK,OK,OK,belowLOD,belowLOD,belowLOD,belowLOD,belowLOD,belowLOD,36-2151_469_22-2
190,36-2151,469,23-1,3,yes,yes,no,yes,yes,yes,yes,yes,ppcSpoil,ppcSpoil,1,170,130,810,4.00E+07,1.60E+08,3.20E+08,5,5,480,4.00E+07,6.00E+07,1.20E+08,OK,OK,OK,aboveLOD,OK,OK,belowLOD,belowLOD,OK,aboveLOD,OK,OK,36-2151_469_23-1
192,36-2151,469,24-1,6,yes,no,no,yes,no,no,no,no,sporeSpoil,sporeSpoil,1,290,NotTested,270,1900,75000,1400000,5,NotTested,5,5,5,5,OK,OK,OK,OK,OK,OK,belowLOD,OK,belowLOD,belowLOD,belowLOD,belowLOD,36-2151_469_24-1
267,36-5385,469,51,5,yes,yes,yes,no,yes,yes,yes,yes,ppcSpoil,ppcSpoil,1,40,NotTested,4.00E+07,2.10E+08,NotTested,NotTested,20,NotTested,4.00E+07,1.90E+08,NotTested,NotTested,OK,OK,aboveLOD,OK,OK,OK,OK,OK,aboveLOD,OK,OK,OK,36-5385_469_51
268,36-5385,469,52,5,yes,yes,yes,no,yes,yes,yes,yes,ppcSpoil,ppcSpoil,1,150,NotTested,4.00E+07,3.00E+08,NotTested,NotTested,40,NotTested,4.00E+07,3.50E+08,NotTested,NotTested,OK,OK,aboveLOD,OK,OK,OK,OK,OK,aboveLOD,OK,OK,OK,36-5385_469_52
269,36-5385,469,53,5,yes,yes,yes,no,yes,yes,yes,yes,ppcSpoil,ppcSpoil,1,70,NotTested,4.00E+07,7.60E+07,NotTested,NotTested,20,NotTested,4.00E+07,7.80E+07,NotTested,NotTested,OK,OK,aboveLOD,OK,OK,OK,OK,OK,aboveLOD,OK,OK,OK,36-5385_469_53
270,36-5385,469,55,5,yes,yes,yes,no,yes,yes,yes,yes,ppcSpoil,ppcSpoil,1,2.5,NotTested,8500000,1.60E+08,NotTested,NotTested,40,NotTested,8600000,1.60E+08,NotTested,NotTested,belowLOD,OK,OK,OK,OK,OK,OK,OK,OK,OK,OK,OK,36-5385_469_55
271,36-5673,469,71,7,yes,yes,yes,no,yes,yes,yes,yes,ppcSpoil,ppcSpoil,1,18000,NotTested,4.00E+07,2.00E+08,NotTested,NotTested,16000,NotTested,4.00E+07,1.60E+08,NotTested,NotTested,OK,OK,aboveLOD,OK,OK,OK,OK,OK,aboveLOD,OK,OK,OK,36-5673_469_71
272,36-5673,469,72,7,yes,yes,yes,no,yes,yes,yes,yes,ppcSpoil,ppcSpoil,1,6400,NotTested,4.00E+07,8.90E+07,NotTested,NotTested,7200,NotTested,4.00E+07,1.70E+08,NotTested,NotTested,OK,OK,aboveLOD,OK,OK,OK,OK,OK,aboveLOD,OK,OK,OK,36-5673_469_72
273,36-5673,469,73,7,yes,yes,yes,no,yes,yes,yes,yes,ppcSpoil,ppcSpoil,1,3200,NotTested,4.00E+07,6.00E+07,NotTested,NotTested,3000,NotTested,4.00E+07,5.40E+07,NotTested,NotTested,OK,OK,aboveLOD,OK,OK,OK,OK,OK,aboveLOD,OK,OK,OK,36-5673_469_73
274,36-5673,469,75,7,yes,no,no,yes,no,no,no,no,sporeSpoil,sporeSpoil,1,190,NotTested,7000,1200000,NotTested,NotTested,5,NotTested,5,5,NotTested,NotTested,OK,OK,OK,OK,OK,OK,belowLOD,OK,belowLOD,belowLOD,OK,OK,36-5673_469_75
72,36-1103,470,31,2,noSpoil,no,no,no,yes,no,no,no,noSpoil,noSpoil,1,10,2.5,2.5,10,2.5,20,5,5,5,5,5,5,OK,belowLOD,belowLOD,OK,belowLOD,OK,belowLOD,belowLOD,belowLOD,belowLOD,belowLOD,belowLOD,36-1103_470_31
73,36-1103,470,35,2,yes,yes,no,yes,no,no,no,no,sporeSpoil,sporeSpoil,1,2.5,2.5,10,220,21000,4.00E+06,5,5,5,140,8600,5,belowLOD,belowLOD,OK,OK,OK,OK,belowLOD,belowLOD,belowLOD,OK,OK,belowLOD,36-1103_470_35
74,36-1103,470,36,10,yes,yes,no,no,no,no,no,no,sporeSpoil,sporeSpoil,1,10,20,2.5,70,8500,84000,5,5,5,40,3800,5,OK,OK,belowLOD,OK,OK,OK,belowLOD,belowLOD,belowLOD,OK,OK,belowLOD,36-1103_470_36
75,36-1103,470,36-1,10,noSpoil,no,no,no,no,no,no,no,noSpoil,noSpoil,1,10,2.5,2.5,2.5,330,2000,5,5,5,5,5,140,OK,belowLOD,belowLOD,belowLOD,OK,OK,belowLOD,belowLOD,belowLOD,belowLOD,belowLOD,OK,36-1103_470_36-1
92,36-1255,470,41,3,yes,yes,yes,no,yes,yes,yes,yes,ppcSpoil,ppcSpoil,1,30,110000,4.00E+07,5.70E+07,NotTested,NotTested,5,91000,4.00E+07,5.20E+07,NotTested,NotTested,OK,OK,aboveLOD,OK,OK,OK,belowLOD,OK,aboveLOD,OK,OK,OK,36-1255_470_41
93,36-1255,470,43,3,yes,yes,yes,no,yes,yes,yes,yes,ppcSpoil,ppcSpoil,1,10,4.00E+05,1.40E+07,3.30E+08,NotTested,NotTested,5,4.00E+05,3.90E+07,6.90E+08,NotTested,NotTested,OK,aboveLOD,OK,OK,OK,OK,belowLOD,aboveLOD,OK,OK,OK,OK,36-1255_470_43
95,36-1255,470,44,3,yes,yes,yes,no,yes,yes,yes,yes,ppcSpoil,ppcSpoil,1,50,4.00E+05,3.40E+07,6.40E+08,NotTested,NotTested,40,4.00E+05,1.00E+08,4.20E+08,NotTested,NotTested,OK,aboveLOD,OK,OK,OK,OK,OK,aboveLOD,OK,OK,OK,OK,36-1255_470_44
98,36-1255,470,45,3,yes,yes,yes,no,yes,yes,yes,yes,ppcSpoil,ppcSpoil,1,2.5,85000,1.20E+07,5.80E+08,NotTested,NotTested,5,110000,4.00E+07,2.00E+08,NotTested,NotTested,belowLOD,OK,OK,OK,OK,OK,belowLOD,OK,aboveLOD,OK,OK,OK,36-1255_470_45
94,36-1255,470,43-1,3,yes,yes,yes,no,yes,yes,yes,yes,ppcSpoil,ppcSpoil,1,30,4.00E+05,1.20E+07,2.60E+08,NotTested,NotTested,40,4.00E+05,2.20E+07,2.10E+08,NotTested,NotTested,OK,aboveLOD,OK,OK,OK,OK,OK,aboveLOD,OK,OK,OK,OK,36-1255_470_43-1
96,36-1255,470,44-1,3,yes,yes,yes,no,yes,yes,yes,yes,ppcSpoil,ppcSpoil,1,2.5,4.00E+05,7700000,8.50E+07,NotTested,NotTested,20,4.00E+05,3.30E+07,1.30E+08,NotTested,NotTested,belowLOD,aboveLOD,OK,OK,OK,OK,OK,aboveLOD,OK,OK,OK,OK,36-1255_470_44-1
97,36-1255,470,44-2,3,yes,yes,yes,no,yes,yes,yes,yes,ppcSpoil,ppcSpoil,1,50,4.00E+05,1.40E+07,1.90E+08,NotTested,NotTested,20,4.00E+05,6.40E+07,2.20E+08,NotTested,NotTested,OK,aboveLOD,OK,OK,OK,OK,OK,aboveLOD,OK,OK,OK,OK,36-1255_470_44-2
117,36-1348,470,51,3,yes,yes,yes,no,yes,yes,yes,yes,ppcSpoil,ppcSpoil,1,40,31000,4.00E+07,3.80E+08,5.40E+08,1.60E+09,5,29000,4.00E+07,2.60E+08,3.20E+08,1.40E+09,OK,OK,aboveLOD,OK,OK,OK,belowLOD,OK,aboveLOD,OK,OK,OK,36-1348_470_51
118,36-1348,470,52,3,yes,yes,yes,no,yes,yes,yes,yes,ppcSpoil,ppcSpoil,1,10,15000,4.00E+07,2.40E+08,3.80E+08,7.50E+08,5,14000,4.00E+07,1.80E+08,3.00E+08,4.60E+08,OK,OK,aboveLOD,OK,OK,OK,belowLOD,OK,aboveLOD,OK,OK,OK,36-1348_470_52
119,36-1348,470,53,3,yes,yes,yes,no,yes,yes,yes,yes,ppcSpoil,ppcSpoil,1,10,34000,4.00E+07,1.60E+08,4.00E+08,1.20E+09,5,32000,4.00E+07,1.50E+08,3.40E+08,1.30E+09,OK,OK,aboveLOD,OK,OK,OK,belowLOD,OK,aboveLOD,OK,OK,OK,36-1348_470_53
120,36-1348,470,55,3,yes,yes,yes,no,yes,yes,yes,yes,ppcSpoil,ppcSpoil,1,40,20,280000,2.90E+08,1.90E+08,3.40E+08,5,60,330000,2.50E+08,1.90E+08,2.60E+08,OK,OK,OK,OK,OK,OK,belowLOD,OK,OK,OK,OK,OK,36-1348_470_55
124,36-1414,470,71,3,yes,yes,no,no,yes,yes,yes,yes,ppcSpoil,ppcSpoil,1,490,350,460,670,1500,71000,5,80,40000,4.00E+07,2200,1.40E+07,OK,OK,OK,OK,OK,OK,belowLOD,OK,OK,aboveLOD,OK,OK,36-1414_470_71
127,36-1414,470,75,2,yes,yes,yes,no,yes,yes,yes,yes,ppcSpoil,ppcSpoil,1,670,210000,4100000,2.10E+07,3.20E+07,1.60E+08,320,1100000,5.60E+07,3.40E+08,3.40E+08,5.40E+08,OK,OK,OK,OK,OK,OK,OK,OK,OK,OK,OK,OK,36-1414_470_75
125,36-1414,470,71-1,16,noSpoil,no,no,no,no,no,no,no,noSpoil,noSpoil,1,110,110,210,780,NotTested,NotTested,5,5,5,5,NotTested,NotTested,OK,OK,OK,OK,OK,OK,belowLOD,belowLOD,belowLOD,belowLOD,OK,OK,36-1414_470_71-1
126,36-1414,470,71-2,10,yes,yes,yes,no,yes,yes,yes,yes,ppcSpoil,ppcSpoil,1,4.00E+05,4.00E+07,4600000,3.30E+08,NotTested,NotTested,4.00E+05,4.00E+07,4.50E+07,3.50E+08,NotTested,NotTested,aboveLOD,aboveLOD,OK,OK,OK,OK,aboveLOD,aboveLOD,OK,OK,OK,OK,36-1414_470_71-2
151,36-1880,470,11,3,yes,yes,no,yes,yes,yes,yes,yes,ppcSpoil,ppcSpoil,1,40,100,280,93000,8.80E+07,1.80E+08,5,100,28000,4.00E+07,1.90E+08,7.00E+07,OK,OK,OK,OK,OK,OK,belowLOD,OK,OK,aboveLOD,OK,OK,36-1880_470_11
152,36-1880,470,12,3,yes,yes,no,yes,no,yes,no,no,ppcSpoil,sporeSpoil,0,30,100,260,9500,760000,3200000,5,5,5,110,5000,4400,OK,OK,OK,OK,OK,OK,belowLOD,belowLOD,belowLOD,OK,OK,OK,36-1880_470_12
155,36-1880,470,13,3,yes,no,no,yes,no,no,no,no,sporeSpoil,sporeSpoil,1,80,60,90,950,NotTested,1400000,5,5,5,5,NotTested,5,OK,OK,OK,OK,OK,OK,belowLOD,belowLOD,belowLOD,belowLOD,OK,belowLOD,36-1880_470_13
157,36-1880,470,14,3,yes,yes,yes,no,yes,yes,yes,yes,ppcSpoil,ppcSpoil,1,100,4.00E+05,9.90E+07,1.20E+09,5.30E+08,2.50E+08,5,4.00E+05,6.20E+07,1.10E+09,6.40E+08,1.60E+08,OK,aboveLOD,OK,OK,OK,OK,belowLOD,aboveLOD,OK,OK,OK,OK,36-1880_470_14
159,36-1880,470,15,3,yes,yes,yes,no,yes,yes,yes,yes,ppcSpoil,ppcSpoil,1,470,2600,2900000,1.80E+08,1.10E+09,3.10E+09,5,2200,2700000,2.10E+08,1.00E+09,2.40E+09,OK,OK,OK,OK,OK,OK,belowLOD,OK,OK,OK,OK,OK,36-1880_470_15
153,36-1880,470,1-Dec,3,yes,yes,no,no,no,no,no,no,sporeSpoil,sporeSpoil,1,50,30,140,1200,8500,1.00E+05,5,5,5,5,1200,40,OK,OK,OK,OK,OK,OK,belowLOD,belowLOD,belowLOD,belowLOD,OK,OK,36-1880_470_12-1
154,36-1880,470,2-Dec,3,yes,no,no,yes,no,no,no,no,sporeSpoil,sporeSpoil,1,50,90,200,21000,730000,3.70E+07,5,5,5,5,5,5,OK,OK,OK,OK,OK,OK,belowLOD,belowLOD,belowLOD,belowLOD,belowLOD,belowLOD,36-1880_470_12-2
156,36-1880,470,13-1,3,yes,yes,yes,no,yes,yes,yes,yes,ppcSpoil,ppcSpoil,1,20,41000,1.20E+07,1.60E+08,6.20E+07,5.70E+08,5,67000,4.00E+07,2.00E+08,1.20E+08,7.20E+08,OK,OK,OK,OK,OK,OK,belowLOD,OK,aboveLOD,OK,OK,OK,36-1880_470_13-1
158,36-1880,470,14-1,3,yes,no,no,yes,no,no,no,no,sporeSpoil,sporeSpoil,1,10,40,280,840,24000,170000,5,5,5,5,460,180,OK,OK,OK,OK,OK,OK,belowLOD,belowLOD,belowLOD,belowLOD,OK,OK,36-1880_470_14-1
303,42-65,470,61,3,yes,yes,no,yes,no,yes,no,no,ppcSpoil,sporeSpoil,0,30,20,2300,310000,5200000,1.10E+08,5,5,380,6500,500,3100,OK,OK,OK,OK,OK,OK,belowLOD,belowLOD,OK,OK,belowLOD,OK,42-65_470_61
304,42-65,470,62,3,yes,yes,no,yes,yes,yes,yes,yes,ppcSpoil,ppcSpoil,1,10,450,2100,160000,6500000,4.00E+06,5,340,1800,55000,3300000,50000,OK,OK,OK,OK,OK,OK,belowLOD,OK,OK,OK,OK,belowLOD,42-65_470_62
307,42-65,470,63,3,yes,yes,yes,no,yes,yes,yes,yes,ppcSpoil,ppcSpoil,1,80,2600,2700000,9.50E+07,8.60E+07,1.60E+08,5,3000,3200000,1.30E+08,9.90E+07,2.00E+08,OK,OK,OK,OK,OK,OK,belowLOD,OK,OK,OK,OK,OK,42-65_470_63
309,42-65,470,64,3,yes,yes,no,yes,no,no,yes,no,sporeSpoil,sporeSpoil,1,20,80,3600,4.00E+05,7.00E+06,1.50E+08,5,5,780,21000,500,5,OK,OK,OK,OK,OK,OK,belowLOD,belowLOD,OK,OK,belowLOD,belowLOD,42-65_470_64
311,42-65,470,65,3,yes,no,yes,no,no,no,no,no,sporeSpoil,sporeSpoil,1,40,2100,720000,1.80E+08,4.00E+08,3.60E+08,5,5,5,5,200,520,OK,OK,OK,OK,OK,OK,belowLOD,belowLOD,belowLOD,belowLOD,OK,OK,42-65_470_65
305,42-65,470,62-1,3,yes,yes,no,yes,yes,yes,yes,yes,ppcSpoil,ppcSpoil,1,10,80,20000,8300000,2.00E+07,6.70E+07,5,80,17000,1200000,2600000,2.20E+07,OK,OK,OK,OK,OK,OK,belowLOD,OK,OK,OK,OK,OK,42-65_470_62-1
306,42-65,470,62-2,3,yes,yes,no,yes,yes,yes,yes,yes,ppcSpoil,ppcSpoil,1,20,2.5,110,10000,9700000,1.90E+07,5,5,5,5,190000,3.10E+07,OK,belowLOD,OK,OK,OK,OK,belowLOD,belowLOD,belowLOD,belowLOD,OK,OK,42-65_470_62-2
308,42-65,470,63-1,3,noSpoil,no,no,no,no,no,no,no,noSpoil,noSpoil,1,80,20,60,290,110,1500,5,5,5,5,5,5,OK,OK,OK,OK,OK,OK,belowLOD,belowLOD,belowLOD,belowLOD,belowLOD,belowLOD,42-65_470_63-1
310,42-65,470,64-1,3,noSpoil,no,no,no,no,no,no,no,noSpoil,noSpoil,1,30,50,50,30,640,15000,5,5,5,5,5,5,OK,OK,OK,OK,OK,OK,belowLOD,belowLOD,belowLOD,belowLOD,belowLOD,belowLOD,42-65_470_64-1
318,50-13,470,21,2,noSpoil,no,no,no,no,no,no,no,noSpoil,noSpoil,1,10,60,10,590,10000,1700,5,5,5,5,5,5,OK,OK,OK,OK,OK,OK,belowLOD,belowLOD,belowLOD,belowLOD,belowLOD,belowLOD,50-13_470_21
319,50-13,470,22,2,noSpoil,no,no,no,no,no,no,no,noSpoil,noSpoil,1,20,30,30,190,5600,8700,5,5,5,5,5,5,OK,OK,OK,OK,OK,OK,belowLOD,belowLOD,belowLOD,belowLOD,belowLOD,belowLOD,50-13_470_22
321,50-13,470,23,2,yes,yes,yes,no,yes,no,yes,yes,ppcSpoil,ppcSpoil,1,50,1200,4800000,500,NotTested,93000,5,860,4800000,500,NotTested,5,OK,OK,OK,belowLOD,OK,OK,belowLOD,OK,OK,belowLOD,OK,belowLOD,50-13_470_23
322,50-13,470,24,2,noSpoil,no,no,no,no,no,no,no,noSpoil,noSpoil,1,30,20,20,30,120,2600,5,5,5,5,5,5,OK,OK,OK,OK,OK,OK,belowLOD,belowLOD,belowLOD,belowLOD,belowLOD,belowLOD,50-13_470_24
320,50-13,470,22-1,2,noSpoil,yes,no,no,yes,no,no,no,noSpoil,noSpoil,1,30,10,2.5,50,370,7000,5,5,5,5,20,1800,OK,OK,belowLOD,OK,OK,OK,belowLOD,belowLOD,belowLOD,belowLOD,OK,OK,50-13_470_22-1
83,36-1139,471,61,5,yes,yes,yes,no,yes,yes,yes,yes,ppcSpoil,ppcSpoil,1,100,NotTested,140000,1.60E+07,1.70E+07,5.30E+07,5,NotTested,130000,1.60E+07,1.60E+07,4.90E+07,OK,OK,OK,OK,OK,OK,belowLOD,OK,OK,OK,OK,OK,36-1139_471_61
84,36-1139,471,61-1,4,yes,yes,yes,no,yes,yes,yes,yes,ppcSpoil,ppcSpoil,1,2.5,30,26000,4.00E+05,1.80E+07,3500000,5,20,100,28000,64000,3300000,belowLOD,OK,OK,aboveLOD,OK,OK,belowLOD,OK,OK,OK,OK,OK,36-1139_471_61-1
111,36-1296,471,31,2,yes,yes,yes,no,yes,yes,yes,yes,ppcSpoil,ppcSpoil,1,40,4.00E+05,2.10E+07,2.50E+08,NotTested,NotTested,5,4.00E+05,2.10E+07,2.60E+08,NotTested,NotTested,OK,aboveLOD,OK,OK,OK,OK,belowLOD,aboveLOD,OK,OK,OK,OK,36-1296_471_31
112,36-1296,471,35,2,yes,yes,yes,no,yes,yes,yes,yes,ppcSpoil,ppcSpoil,1,50,4.00E+05,2.40E+07,1.80E+08,NotTested,NotTested,20,4.00E+05,2.40E+07,1.10E+08,NotTested,NotTested,OK,aboveLOD,OK,OK,OK,OK,OK,aboveLOD,OK,OK,OK,OK,36-1296_471_35
194,36-2985,471,71,6,noSpoil,no,no,no,no,no,no,no,noSpoil,noSpoil,1,160,NotTested,90,190,NotTested,NotTested,5,NotTested,5,5,NotTested,NotTested,OK,OK,OK,OK,OK,OK,belowLOD,OK,belowLOD,belowLOD,OK,OK,36-2985_471_71
196,36-2985,471,72,3,yes,yes,yes,no,yes,yes,yes,yes,ppcSpoil,ppcSpoil,1,230,4.00E+05,1.60E+07,1.90E+08,NotTested,NotTested,80,4.00E+05,1.60E+07,1.70E+08,NotTested,NotTested,OK,aboveLOD,OK,OK,OK,OK,OK,aboveLOD,OK,OK,OK,OK,36-2985_471_72
198,36-2985,471,73,3,yes,yes,yes,no,yes,yes,yes,yes,ppcSpoil,ppcSpoil,1,250,130000,1.40E+07,6.10E+07,NotTested,NotTested,5,130000,1.90E+07,9.00E+07,NotTested,NotTested,OK,OK,OK,OK,OK,OK,belowLOD,OK,OK,OK,OK,OK,36-2985_471_73
201,36-2985,471,74,6,noSpoil,no,no,no,no,no,no,no,noSpoil,noSpoil,1,230,NotTested,120,190,NotTested,NotTested,5,NotTested,5,5,NotTested,NotTested,OK,OK,OK,OK,OK,OK,belowLOD,OK,belowLOD,belowLOD,OK,OK,36-2985_471_74
203,36-2985,471,75,3,yes,yes,yes,no,yes,yes,yes,yes,ppcSpoil,ppcSpoil,1,270,4.00E+05,1.00E+07,2.80E+07,NotTested,NotTested,40,4.00E+05,6.60E+07,1.00E+08,NotTested,NotTested,OK,aboveLOD,OK,OK,OK,OK,OK,aboveLOD,OK,OK,OK,OK,36-2985_471_75
195,36-2985,471,71-1,3,yes,yes,yes,no,yes,yes,yes,yes,ppcSpoil,ppcSpoil,1,590,4.00E+05,1.60E+07,2.00E+07,NotTested,NotTested,260,4.00E+05,3.40E+07,3.40E+07,NotTested,NotTested,OK,aboveLOD,OK,OK,OK,OK,OK,aboveLOD,OK,OK,OK,OK,36-2985_471_71-1
197,36-2985,471,72-1,7,yes,yes,yes,no,yes,yes,yes,yes,ppcSpoil,ppcSpoil,1,130000,NotTested,1.60E+07,8.50E+07,NotTested,NotTested,4.00E+05,NotTested,1.00E+07,7.70E+07,NotTested,NotTested,OK,OK,OK,OK,OK,OK,aboveLOD,OK,OK,OK,OK,OK,36-2985_471_72-1
199,36-2985,471,73-1,3,yes,yes,yes,no,yes,yes,yes,yes,ppcSpoil,ppcSpoil,1,170,4.00E+05,1.20E+07,1.10E+07,NotTested,NotTested,140,4.00E+05,3.50E+07,2.20E+08,NotTested,NotTested,OK,aboveLOD,OK,OK,OK,OK,OK,aboveLOD,OK,OK,OK,OK,36-2985_471_73-1
200,36-2985,471,73-2,3,yes,yes,yes,no,yes,yes,yes,yes,ppcSpoil,ppcSpoil,1,550,4.00E+05,3.80E+07,7.00E+07,NotTested,NotTested,280,4.00E+05,3.50E+07,5.60E+07,NotTested,NotTested,OK,aboveLOD,OK,OK,OK,OK,OK,aboveLOD,OK,OK,OK,OK,36-2985_471_73-2
202,36-2985,471,74-1,3,yes,yes,yes,no,yes,yes,yes,yes,ppcSpoil,ppcSpoil,1,780,4.00E+05,1.10E+07,2.70E+07,NotTested,NotTested,480,4.00E+05,3.20E+07,1.60E+08,NotTested,NotTested,OK,aboveLOD,OK,OK,OK,OK,OK,aboveLOD,OK,OK,OK,OK,36-2985_471_74-1
228,36-3661,471,21,3,yes,no,no,no,no,no,no,no,sporeSpoil,sporeSpoil,1,120,120,130,520,3500,91000,5,5,5,5,5,5,OK,OK,OK,OK,OK,OK,belowLOD,belowLOD,belowLOD,belowLOD,belowLOD,belowLOD,36-3661_471_21
229,36-3661,471,22,3,yes,no,no,yes,no,no,no,no,sporeSpoil,sporeSpoil,1,70,80,550,21000,610000,1300000,5,5,5,20,5,5,OK,OK,OK,OK,OK,OK,belowLOD,belowLOD,belowLOD,OK,belowLOD,belowLOD,36-3661_471_22
234,36-3661,471,23,3,yes,no,no,yes,no,no,no,no,sporeSpoil,sporeSpoil,1,90,40,80,110,360,110000,5,5,5,40,160,20,OK,OK,OK,OK,OK,OK,belowLOD,belowLOD,belowLOD,OK,OK,OK,36-3661_471_23
236,36-3661,471,24,3,yes,no,no,yes,no,no,no,no,sporeSpoil,sporeSpoil,1,150,40,140,370,1800,180000,5,5,5,5,60,300,OK,OK,OK,OK,OK,OK,belowLOD,belowLOD,belowLOD,belowLOD,OK,OK,36-3661_471_24
238,36-3661,471,25,3,yes,yes,no,yes,no,no,no,no,sporeSpoil,sporeSpoil,1,20,40,120,11000,160000,6800000,5,5,5,1600,140,20,OK,OK,OK,OK,OK,OK,belowLOD,belowLOD,belowLOD,OK,OK,OK,36-3661_471_25
230,36-3661,471,22-1,3,yes,no,no,no,no,no,no,no,sporeSpoil,sporeSpoil,1,50,2.5,90,540,2300,94000,5,5,5,5,5,5,OK,belowLOD,OK,OK,OK,OK,belowLOD,belowLOD,belowLOD,belowLOD,belowLOD,belowLOD,36-3661_471_22-1
231,36-3661,471,22-2,3,yes,yes,yes,no,yes,yes,yes,yes,ppcSpoil,ppcSpoil,1,220,940,770000,7400000,2.90E+07,6.40E+07,5,580,8.00E+05,1.00E+07,2.50E+07,5.00E+07,OK,OK,OK,OK,OK,OK,belowLOD,OK,OK,OK,OK,OK,36-3661_471_22-2
232,36-3661,471,22-3,3,yes,yes,no,yes,yes,yes,yes,yes,ppcSpoil,ppcSpoil,1,90,50,470,82000,270000,5800000,5,5,280,110000,120000,4400000,OK,OK,OK,OK,OK,OK,belowLOD,belowLOD,OK,OK,OK,OK,36-3661_471_22-3
233,36-3661,471,22-4,3,yes,yes,no,yes,no,yes,yes,no,ppcSpoil,Review,0,50,40,90,230,5300,1400000,5,5,60,300,8200,64000,OK,OK,OK,OK,OK,OK,belowLOD,belowLOD,OK,OK,OK,OK,36-3661_471_22-4
235,36-3661,471,23-1,3,noSpoil,no,no,no,no,no,no,no,noSpoil,noSpoil,1,50,50,60,70,70,5800,5,5,5,5,5,5,OK,OK,OK,OK,OK,OK,belowLOD,belowLOD,belowLOD,belowLOD,belowLOD,belowLOD,36-3661_471_23-1
237,36-3661,471,24-1,3,yes,yes,yes,no,yes,yes,yes,yes,ppcSpoil,ppcSpoil,1,40,1900,3500000,9600000,9.10E+07,8.20E+08,5,2200,3600000,1.00E+07,8.40E+07,6.20E+08,OK,OK,OK,OK,OK,OK,belowLOD,OK,OK,OK,OK,OK,36-3661_471_24-1
239,36-3661,471,25-1,3,yes,no,no,yes,no,no,no,no,sporeSpoil,sporeSpoil,1,50,40,600,150000,3400000,2.10E+07,5,5,5,5,500,500,OK,OK,OK,OK,OK,OK,belowLOD,belowLOD,belowLOD,belowLOD,belowLOD,belowLOD,36-3661_471_25-1
240,36-3661,471,25-2,3,yes,yes,yes,no,no,yes,yes,no,ppcSpoil,sporeSpoil,0,60,280,27000,6900000,8.00E+05,5.50E+08,5,5,5,500,50000,50000,OK,OK,OK,OK,OK,OK,belowLOD,belowLOD,belowLOD,belowLOD,belowLOD,belowLOD,36-3661_471_25-2
241,36-3661,471,25-3,3,yes,no,no,yes,no,no,no,no,sporeSpoil,sporeSpoil,1,50,10,690,75000,6.00E+05,1900000,5,5,5,300,180,40,OK,OK,OK,OK,OK,OK,belowLOD,belowLOD,belowLOD,OK,OK,OK,36-3661_471_25-3
253,36-4739,471,11,6,yes,no,no,no,no,no,no,no,sporeSpoil,sporeSpoil,1,50,NotTested,140,100,910,60000,5,NotTested,5,5,5,5,OK,OK,OK,OK,OK,OK,belowLOD,OK,belowLOD,belowLOD,belowLOD,belowLOD,36-4739_471_11
254,36-4739,471,12,6,noSpoil,no,no,no,no,no,no,no,noSpoil,noSpoil,1,140,NotTested,60,60,40,80,5,NotTested,5,5,5,5,OK,OK,OK,OK,OK,OK,belowLOD,OK,belowLOD,belowLOD,belowLOD,belowLOD,36-4739_471_12
256,36-4739,471,13,6,noSpoil,no,no,no,no,no,no,no,noSpoil,noSpoil,1,80,NotTested,60,50,70,1700,5,NotTested,5,5,5,5,OK,OK,OK,OK,OK,OK,belowLOD,OK,belowLOD,belowLOD,belowLOD,belowLOD,36-4739_471_13
258,36-4739,471,14,6,noSpoil,no,no,no,no,no,no,no,noSpoil,noSpoil,1,70,NotTested,30,30,20,60,5,NotTested,5,5,5,5,OK,OK,OK,OK,OK,OK,belowLOD,OK,belowLOD,belowLOD,belowLOD,belowLOD,36-4739_471_14
260,36-4739,471,15,6,yes,no,no,yes,no,no,no,no,sporeSpoil,sporeSpoil,1,10,NotTested,50,8600,220000,6500000,5,NotTested,5,5,5,500,OK,OK,OK,OK,OK,OK,belowLOD,OK,belowLOD,belowLOD,belowLOD,belowLOD,36-4739_471_15
255,36-4739,471,1-Dec,6,yes,yes,no,yes,yes,yes,yes,yes,ppcSpoil,ppcSpoil,1,30,NotTested,60,30,4.00E+05,1.10E+08,5,NotTested,5,5,4.00E+05,9.30E+07,OK,OK,OK,OK,aboveLOD,OK,belowLOD,OK,belowLOD,belowLOD,aboveLOD,OK,36-4739_471_12-1
257,36-4739,471,13-1,6,yes,yes,yes,no,yes,yes,yes,yes,ppcSpoil,ppcSpoil,1,50,NotTested,140000,1.80E+07,6.10E+07,1.40E+08,5,NotTested,120000,1.60E+07,6.10E+07,1.30E+08,OK,OK,OK,OK,OK,OK,belowLOD,OK,OK,OK,OK,OK,36-4739_471_13-1
259,36-4739,471,14-1,6,noSpoil,no,no,no,no,no,no,no,noSpoil,noSpoil,1,100,NotTested,160,430,2.5,60,5,NotTested,5,5,5,5,OK,OK,OK,OK,belowLOD,OK,belowLOD,OK,belowLOD,belowLOD,belowLOD,belowLOD,36-4739_471_14-1
261,36-4739,471,15-1,6,yes,yes,no,yes,no,no,yes,no,sporeSpoil,sporeSpoil,1,2.5,NotTested,2.5,1100,4.70E+08,1200000,5,NotTested,5,5,5,50000,belowLOD,OK,belowLOD,OK,OK,OK,belowLOD,OK,belowLOD,belowLOD,belowLOD,belowLOD,36-4739_471_15-1
275,36-8185,471,51,3,yes,no,no,yes,no,no,no,no,sporeSpoil,sporeSpoil,1,110,140,890,51000,9.00E+05,2200000,5,5,5,5,20,880,OK,OK,OK,OK,OK,OK,belowLOD,belowLOD,belowLOD,belowLOD,OK,OK,36-8185_471_51
277,36-8185,471,52,5,yes,yes,yes,no,yes,yes,yes,yes,ppcSpoil,ppcSpoil,1,670,NotTested,1700000,1700000,2.40E+07,9.10E+07,5,NotTested,2200000,2200000,2.70E+07,9.00E+07,OK,OK,OK,OK,OK,OK,belowLOD,OK,OK,OK,OK,OK,36-8185_471_52
279,36-8185,471,53,3,yes,no,no,yes,no,no,no,no,sporeSpoil,sporeSpoil,1,210,100,120,430,6000,240000,5,5,5,5,5,5,OK,OK,OK,OK,OK,OK,belowLOD,belowLOD,belowLOD,belowLOD,belowLOD,belowLOD,36-8185_471_53
281,36-8185,471,54,5,yes,no,no,yes,no,no,no,no,sporeSpoil,sporeSpoil,1,680,NotTested,4500,4500,420000,1900000,5,NotTested,5,5,5,5,OK,OK,OK,OK,OK,OK,belowLOD,OK,belowLOD,belowLOD,belowLOD,belowLOD,36-8185_471_54
276,36-8185,471,51-1,3,yes,no,no,yes,no,no,no,no,sporeSpoil,sporeSpoil,1,180,NotTested,1700,64000,8400000,1.10E+08,5,NotTested,260,5,5,5,OK,OK,OK,OK,OK,OK,belowLOD,OK,OK,belowLOD,belowLOD,belowLOD,36-8185_471_51-1
278,36-8185,471,52-1,2,yes,yes,no,yes,no,no,no,no,sporeSpoil,sporeSpoil,1,480,280,470,390,240000,850000,5,5,5,1700,5,5,OK,OK,OK,OK,OK,OK,belowLOD,belowLOD,belowLOD,OK,belowLOD,belowLOD,36-8185_471_52-1
280,36-8185,471,53-1,2,yes,yes,no,no,no,no,no,no,sporeSpoil,Review,0,240,110,180,650,4200,83000,5,5,5,5,40,2100,OK,OK,OK,OK,OK,OK,belowLOD,belowLOD,belowLOD,belowLOD,OK,OK,36-8185_471_53-1
282,36-8185,471,54-1,6,yes,no,no,yes,no,no,no,no,sporeSpoil,sporeSpoil,1,380,NotTested,310,72000,990000,5200000,5,NotTested,5,5,500,220,OK,OK,OK,OK,OK,OK,belowLOD,OK,belowLOD,belowLOD,belowLOD,OK,36-8185_471_54-1
287,36-8446,471,41,7,yes,yes,yes,no,yes,yes,yes,yes,ppcSpoil,ppcSpoil,1,110,NotTested,4.00E+05,4.00E+07,1.40E+08,2.10E+08,120,NotTested,4.00E+05,4.00E+07,1.40E+08,2.10E+08,OK,OK,aboveLOD,aboveLOD,OK,OK,OK,OK,aboveLOD,aboveLOD,OK,OK,36-8446_471_41
288,36-8446,471,41-1,6,yes,yes,yes,no,yes,yes,yes,yes,ppcSpoil,ppcSpoil,1,480,NotTested,4.00E+05,6.60E+07,3.30E+08,3.40E+08,380,NotTested,4.00E+05,8.70E+07,2.90E+08,3.60E+08,OK,OK,aboveLOD,OK,OK,OK,OK,OK,aboveLOD,OK,OK,OK,36-8446_471_41-1
14,25-08,472,11,3,yes,yes,no,yes,yes,no,yes,yes,ppcSpoil,ppcSpoil,1,710,430,590,1.30E+07,510000,2100000,5,5,5,1.00E+07,500,5,OK,OK,OK,OK,OK,OK,belowLOD,belowLOD,belowLOD,OK,belowLOD,belowLOD,25-08_472_11
16,25-08,472,12,3,yes,no,no,no,no,no,no,no,sporeSpoil,sporeSpoil,1,710,1100,1400,110,78000,920,5,5,5,5,5,5,OK,OK,OK,OK,OK,OK,belowLOD,belowLOD,belowLOD,belowLOD,belowLOD,belowLOD,25-08_472_12
19,25-08,472,13,3,yes,yes,no,yes,yes,yes,yes,yes,ppcSpoil,ppcSpoil,1,1700,1800,1700,230,1400000,1.00E+05,5,5,5,1600,2600000,6800000,OK,OK,OK,OK,OK,OK,belowLOD,belowLOD,belowLOD,OK,OK,OK,25-08_472_13
21,25-08,472,14,3,yes,yes,no,yes,yes,yes,yes,yes,ppcSpoil,ppcSpoil,1,990,760,1000,2600,1200000,440000,5,5,5,20000,170000,2700000,OK,OK,OK,OK,OK,OK,belowLOD,belowLOD,belowLOD,OK,OK,OK,25-08_472_14
23,25-08,472,15,3,yes,yes,no,yes,yes,yes,yes,yes,ppcSpoil,ppcSpoil,1,130,150,300,150000,980000,2.20E+07,5,4.00E+05,12000,4.00E+07,4.30E+07,1.00E+08,OK,OK,OK,OK,OK,OK,belowLOD,aboveLOD,OK,aboveLOD,OK,OK,25-08_472_15
24,25-08,472,16,3,yes,yes,yes,no,yes,yes,yes,yes,ppcSpoil,ppcSpoil,1,770,39000,1100000,4.50E+08,3.10E+08,9.90E+08,20,71000,4.40E+07,1.40E+09,6.90E+08,7.20E+08,OK,OK,OK,OK,OK,OK,OK,OK,OK,OK,OK,OK,25-08_472_16
15,25-08,472,1-Nov,3,yes,yes,no,yes,yes,yes,yes,yes,ppcSpoil,ppcSpoil,1,1500,980,1100,82000,560000,2800000,5,5,5,8100000,2.70E+07,1.60E+08,OK,OK,OK,OK,OK,OK,belowLOD,belowLOD,belowLOD,OK,OK,OK,25-08_472_11-1
17,25-08,472,1-Dec,3,yes,yes,no,yes,yes,yes,yes,yes,ppcSpoil,ppcSpoil,1,980,150,NotTested,2300000,5.50E+07,6.00E+07,5,5,10000,4.00E+07,5.90E+07,7.00E+07,OK,OK,OK,OK,OK,OK,belowLOD,belowLOD,OK,aboveLOD,OK,OK,25-08_472_12-1
18,25-08,472,2-Dec,3,yes,yes,no,yes,yes,yes,yes,yes,ppcSpoil,ppcSpoil,1,560,120,1800,1.10E+07,1.10E+07,2.00E+07,5,5,1100,78000,1500000,1.20E+07,OK,OK,OK,OK,OK,OK,belowLOD,belowLOD,OK,OK,OK,OK,25-08_472_12-2
20,25-08,472,13-1,3,yes,yes,yes,no,yes,yes,yes,yes,ppcSpoil,ppcSpoil,1,1600,1400,4.00E+05,7.70E+08,4.80E+08,9.30E+08,5,780,1200000,1.10E+09,5.60E+08,7.00E+08,OK,OK,aboveLOD,OK,OK,OK,belowLOD,OK,OK,OK,OK,OK,25-08_472_13-1
22,25-08,472,14-1,3,yes,yes,yes,no,yes,yes,yes,yes,ppcSpoil,ppcSpoil,1,850,39000,3.00E+06,7.00E+08,4.50E+08,1.60E+09,5,110000,1.10E+07,8.20E+08,5.90E+08,1.30E+09,OK,OK,OK,OK,OK,OK,belowLOD,OK,OK,OK,OK,OK,25-08_472_14-1
54,36-1007,472,61,3,yes,no,yes,no,no,no,no,no,sporeSpoil,sporeSpoil,1,33000,140,480,110000,NotTested,NotTested,5,5,5,5,NotTested,NotTested,OK,OK,OK,OK,OK,OK,belowLOD,belowLOD,belowLOD,belowLOD,OK,OK,36-1007_472_61
58,36-1007,472,62,3,yes,no,yes,no,no,no,no,no,sporeSpoil,sporeSpoil,1,32000,20,4900,99000,NotTested,NotTested,5,5,5,580,NotTested,NotTested,OK,OK,OK,OK,OK,OK,belowLOD,belowLOD,belowLOD,OK,OK,OK,36-1007_472_62
60,36-1007,472,63,3,yes,yes,yes,no,yes,yes,yes,yes,ppcSpoil,ppcSpoil,1,17000,110000,1.40E+07,1.40E+08,NotTested,NotTested,5,140000,1.30E+07,1.00E+08,NotTested,NotTested,OK,OK,OK,OK,OK,OK,belowLOD,OK,OK,OK,OK,OK,36-1007_472_63
62,36-1007,472,65,3,yes,yes,yes,no,yes,yes,yes,yes,ppcSpoil,ppcSpoil,1,18000,55000,5700000,3.70E+08,NotTested,NotTested,5,170000,4800000,2.20E+08,NotTested,NotTested,OK,OK,OK,OK,OK,OK,belowLOD,OK,OK,OK,OK,OK,36-1007_472_65
55,36-1007,472,61-1,3,yes,yes,yes,no,yes,yes,yes,yes,ppcSpoil,ppcSpoil,1,15000,340,170000,33000,NotTested,NotTested,5,32000,3600000,2.60E+07,NotTested,NotTested,OK,OK,OK,OK,OK,OK,belowLOD,OK,OK,OK,OK,OK,36-1007_472_61-1
56,36-1007,472,61-2,3,yes,yes,no,yes,yes,yes,yes,yes,ppcSpoil,ppcSpoil,1,15000,200,2300,110000,NotTested,NotTested,5,47000,330000,1.90E+07,NotTested,NotTested,OK,OK,OK,OK,OK,OK,belowLOD,OK,OK,OK,OK,OK,36-1007_472_61-2
57,36-1007,472,61-3,3,yes,yes,yes,no,no,yes,yes,yes,ppcSpoil,ppcSpoil,1,30000,330000,2.40E+07,1.80E+08,NotTested,NotTested,5,190000,1.40E+07,770000,NotTested,NotTested,OK,OK,OK,OK,OK,OK,belowLOD,OK,OK,OK,OK,OK,36-1007_472_61-3
59,36-1007,472,62-1,3,yes,yes,yes,no,yes,yes,yes,yes,ppcSpoil,ppcSpoil,1,21000,2800000,1.40E+07,2.10E+08,NotTested,NotTested,5,2600000,1.50E+07,1.40E+08,NotTested,NotTested,OK,OK,OK,OK,OK,OK,belowLOD,OK,OK,OK,OK,OK,36-1007_472_62-1
61,36-1007,472,63-1,3,yes,yes,yes,no,yes,yes,yes,yes,ppcSpoil,ppcSpoil,1,25000,960000,2.80E+07,1.50E+08,NotTested,NotTested,5,620000,1.90E+07,7.70E+07,NotTested,NotTested,OK,OK,OK,OK,OK,OK,belowLOD,OK,OK,OK,OK,OK,36-1007_472_63-1
63,36-1007,472,65-1,3,yes,yes,yes,no,yes,yes,yes,yes,ppcSpoil,ppcSpoil,1,20000,310000,1.10E+07,3.00E+08,NotTested,NotTested,5,540000,9.00E+06,2.50E+08,NotTested,NotTested,OK,OK,OK,OK,OK,OK,belowLOD,OK,OK,OK,OK,OK,36-1007_472_65-1
81,36-1131,472,41,3,noSpoil,no,no,no,no,no,no,no,noSpoil,noSpoil,1,10,20,20,50,30,360,5,5,5,5,5,5,OK,OK,OK,OK,OK,OK,belowLOD,belowLOD,belowLOD,belowLOD,belowLOD,belowLOD,36-1131_472_41
82,36-1131,472,41-1,5,yes,yes,no,no,yes,yes,yes,no,ppcSpoil,ppcSpoil,1,40,NotTested,10,160,8400,80000,5,NotTested,20,5,5400,48000,OK,OK,OK,OK,OK,OK,belowLOD,OK,OK,belowLOD,OK,OK,36-1131_472_41-1
121,36-1393,472,51,14,yes,yes,yes,no,yes,yes,yes,yes,ppcSpoil,ppcSpoil,1,4.00E+05,NotTested,NotTested,NotTested,9.80E+07,1.30E+08,4.00E+05,NotTested,NotTested,NotTested,1.10E+08,9.80E+07,aboveLOD,OK,OK,OK,OK,OK,aboveLOD,OK,OK,OK,OK,OK,36-1393_472_51
123,36-1393,472,55,7,yes,yes,yes,no,yes,yes,yes,yes,ppcSpoil,ppcSpoil,1,4.00E+05,NotTested,1.10E+08,8.70E+07,4.80E+08,2.20E+08,4.00E+05,NotTested,9.90E+07,7.90E+07,3.80E+08,2.10E+08,aboveLOD,OK,OK,OK,OK,OK,aboveLOD,OK,OK,OK,OK,OK,36-1393_472_55
122,36-1393,472,51-1,14,yes,yes,yes,no,yes,yes,yes,yes,ppcSpoil,ppcSpoil,1,4.00E+05,NotTested,NotTested,NotTested,5.70E+07,2.10E+07,4.00E+05,NotTested,NotTested,NotTested,1.10E+08,9.60E+07,aboveLOD,OK,OK,OK,OK,OK,aboveLOD,OK,OK,OK,OK,OK,36-1393_472_51-1
137,36-1661,472,21,3,yes,yes,yes,no,yes,yes,yes,yes,ppcSpoil,ppcSpoil,1,330,1400,4.00E+07,1.10E+09,1.90E+08,8600000,5,54000,4.00E+07,1.20E+09,1.70E+08,2.80E+08,OK,OK,aboveLOD,OK,OK,OK,belowLOD,OK,aboveLOD,OK,OK,OK,36-1661_472_21
138,36-1661,472,22,3,yes,yes,no,yes,yes,yes,yes,yes,ppcSpoil,ppcSpoil,1,230,410,17000,4.00E+07,1.00E+08,1.30E+08,5,5,16000,4.00E+07,8.00E+08,1.60E+08,OK,OK,OK,aboveLOD,OK,OK,belowLOD,belowLOD,OK,aboveLOD,OK,OK,36-1661_472_22
141,36-1661,472,23,3,yes,yes,yes,no,yes,yes,yes,yes,ppcSpoil,ppcSpoil,1,210,3400,8500000,9.20E+08,4500000,4.70E+07,5,3600,1.00E+07,8.00E+08,50000,80,OK,OK,OK,OK,OK,OK,belowLOD,OK,OK,OK,belowLOD,OK,36-1661_472_23
142,36-1661,472,24,3,yes,yes,yes,no,yes,yes,yes,yes,ppcSpoil,ppcSpoil,1,250,1300,63000,2.50E+08,9.00E+05,4700000,5,860,66000,2.80E+08,50000,12000,OK,OK,OK,OK,OK,OK,belowLOD,OK,OK,OK,belowLOD,OK,36-1661_472_24
143,36-1661,472,25,3,yes,no,no,yes,no,no,no,no,sporeSpoil,sporeSpoil,1,20,30,20,130000,210000,9300000,5,5,5,5,5,400,OK,OK,OK,OK,OK,OK,belowLOD,belowLOD,belowLOD,belowLOD,belowLOD,OK,36-1661_472_25
139,36-1661,472,22-1,3,yes,no,no,yes,no,no,no,no,sporeSpoil,sporeSpoil,1,410,190,310,88000,190000,450000,5,5,5,5,5,5,OK,OK,OK,OK,OK,OK,belowLOD,belowLOD,belowLOD,belowLOD,belowLOD,belowLOD,36-1661_472_22-1
140,36-1661,472,22-2,3,yes,yes,yes,no,yes,yes,yes,yes,ppcSpoil,ppcSpoil,1,240,4.00E+05,1.40E+07,4.30E+08,2200000,3.70E+08,100,4.00E+05,1.10E+08,1.00E+09,2.70E+08,3.70E+08,OK,aboveLOD,OK,OK,OK,OK,OK,aboveLOD,OK,OK,OK,OK,36-1661_472_22-2
166,36-2107,472,31,3,yes,yes,no,yes,yes,yes,yes,yes,ppcSpoil,ppcSpoil,1,20,20,30,4.00E+07,8.10E+08,8.60E+08,5,5,5,4.00E+07,8.00E+08,8.40E+08,OK,OK,OK,aboveLOD,OK,OK,belowLOD,belowLOD,belowLOD,aboveLOD,OK,OK,36-2107_472_31
172,36-2107,472,34,3,yes,yes,yes,no,yes,yes,yes,yes,ppcSpoil,ppcSpoil,1,2.5,2.5,23000,3.30E+07,1.70E+08,1.70E+08,5,20,21000,3.30E+07,1.50E+08,1.70E+08,belowLOD,belowLOD,OK,OK,OK,OK,belowLOD,OK,OK,OK,OK,OK,36-2107_472_34
167,36-2107,472,31-1,3,yes,yes,yes,no,yes,yes,yes,yes,ppcSpoil,ppcSpoil,1,2.5,4.00E+05,4400000,2.50E+08,4.10E+08,9.20E+08,40,4.00E+05,2.20E+08,1.60E+09,3.00E+08,8.20E+08,belowLOD,aboveLOD,OK,OK,OK,OK,OK,aboveLOD,OK,OK,OK,OK,36-2107_472_31-1
168,36-2107,472,31-2,3,yes,yes,yes,no,yes,yes,yes,yes,ppcSpoil,ppcSpoil,1,190,110000,4.00E+05,4.60E+08,8.10E+07,1.10E+09,60,4.00E+05,1.60E+08,8.00E+08,5.20E+08,1.40E+09,OK,OK,aboveLOD,OK,OK,OK,OK,aboveLOD,OK,OK,OK,OK,36-2107_472_31-2
169,36-2107,472,32-1,3,yes,yes,yes,no,yes,yes,yes,yes,ppcSpoil,ppcSpoil,1,100,4.00E+05,2.60E+07,8.80E+08,3.70E+08,3.20E+08,5,4.00E+05,6.10E+07,8.20E+08,3.60E+08,3.50E+08,OK,aboveLOD,OK,OK,OK,OK,belowLOD,aboveLOD,OK,OK,OK,OK,36-2107_472_32-1
170,36-2107,472,33-1,3,yes,yes,yes,no,yes,yes,yes,yes,ppcSpoil,ppcSpoil,1,20,4.00E+05,1.50E+07,7.00E+08,8.60E+08,4.20E+08,100,4.00E+05,2.60E+08,1.30E+09,1.00E+09,6.80E+08,OK,aboveLOD,OK,OK,OK,OK,OK,aboveLOD,OK,OK,OK,OK,36-2107_472_33-1
171,36-2107,472,33-2,3,yes,yes,yes,no,yes,yes,yes,yes,ppcSpoil,ppcSpoil,1,30,4.00E+05,5.00E+06,6.90E+08,9.80E+08,6.40E+08,80,4.00E+05,1.10E+08,1.80E+09,7.40E+08,6.20E+08,OK,aboveLOD,OK,OK,OK,OK,OK,aboveLOD,OK,OK,OK,OK,36-2107_472_33-2
173,36-2107,472,34-1,3,yes,yes,yes,no,yes,yes,yes,yes,ppcSpoil,ppcSpoil,1,10,110000,4.00E+07,2.90E+08,3.40E+08,3.90E+08,20,4.00E+05,9.90E+07,1.10E+09,3.20E+08,7.00E+08,OK,OK,aboveLOD,OK,OK,OK,OK,aboveLOD,OK,OK,OK,OK,36-2107_472_34-1
